name,brand,description,image_url
Sigillante siliconico Mapei Mapesil AC 310 ml (1 tubetto),Mapei,N/A,/images/mapei_prodotti_paginato/SigillantesiliconicoMapeiMapesilAC310ml1tubetto.webp
Intonaco Mapei Poromap deumificante (Sacco da 20 Kg),Mapei,N/A,/images/mapei_prodotti_paginato/IntonacoMapeiPoromapdeumificanteSaccoda20Kg.webp
Finitura civile Mapei Poromap (Sacco da 25 Kg),Mapei,N/A,/images/mapei_prodotti_paginato/FinituracivileMapeiPoromapSaccoda25Kg.webp
"Malta cementizia Mapei Keracolor GG (Sacchi da 5, 25 Kg o 4 sacchi da 5 Kg)",Mapei,N/A,/images/mapei_prodotti_paginato/MaltacementiziaMapeiKeracolorGGSacchida525Kgo4sacchida5Kg.webp
"Malta cementizia Mapei Keracolor FF (Sacco da 5, 25 Kg o 4 sacchi da 5 Kg)",Mapei,N/A,/images/mapei_prodotti_paginato/MaltacementiziaMapeiKeracolorFFSaccoda525Kgo4sacchida5Kg.webp
Malta cementizia Mapei Planitop Rasa & Ripara (Sacco da 5 o 25 Kg),Mapei,N/A,/images/mapei_prodotti_paginato/MaltacementiziaMapeiPlanitopRasaRiparaSaccoda5o25Kg.webp
Malta premiscelata Mapei Topcem Pronto (Sacco da 25 Kg),Mapei,N/A,/images/mapei_prodotti_paginato/MaltapremiscelataMapeiTopcemProntoSaccoda25Kg.webp
Legnante Mapei Topcem (Sacco da 20 Kg),Mapei,N/A,/images/mapei_prodotti_paginato/LegnanteMapeiTopcemSaccoda20Kg.webp
Primer Mapei Triblock P (Secchio da 5 Kg),Mapei,N/A,/images/mapei_prodotti_paginato/PrimerMapeiTriblockPSecchioda5Kg.webp
Legnante Mapei Stabilcem (Sacco da 20 Kg),Mapei,N/A,/images/mapei_prodotti_paginato/LegnanteMapeiStabilcemSaccoda20Kg.webp
Adesivo Mapei Ultrabond Ms Rapid (Scatola da 12 Pz),Mapei,N/A,/images/mapei_prodotti_paginato/AdesivoMapeiUltrabondMsRapidScatolada12Pz.webp
Adesivo Mapei Ultrabond Pu Strong (Scatola da 12 Pz),Mapei,N/A,/images/mapei_prodotti_paginato/AdesivoMapeiUltrabondPuStrongScatolada12Pz.webp
Adesivo Mapei Ultrabond Super Grip (Scatola da 12 Pz),Mapei,N/A,/images/mapei_prodotti_paginato/AdesivoMapeiUltrabondSuperGripScatolada12Pz.webp
Malta Mapei Ultracolor Plus (Sacco da 22 Kg),Mapei,N/A,/images/mapei_prodotti_paginato/MaltaMapeiUltracolorPlusSaccoda22Kg.webp
Adesivo cementizio Mapei Ultralite S1 (Sacco da 25 Kg),Mapei,N/A,/images/mapei_prodotti_paginato/AdesivocementizioMapeiUltraliteS1Saccoda25Kg.webp
Adesivo cementizio Mapei Ultralite S2 (Sacco da 15 Kg),Mapei,N/A,/images/mapei_prodotti_paginato/AdesivocementizioMapeiUltraliteS2Saccoda15Kg.webp
Lisciatura Mapei Ultraplan Contract (Sacco da 24 Kg),Mapei,N/A,/images/mapei_prodotti_paginato/LisciaturaMapeiUltraplanContractSaccoda24Kg.webp
Adesivo cementizio Mapei Adesilex P4 (Sacco da 25 Kg),Mapei,N/A,/images/mapei_prodotti_paginato/AdesivocementizioMapeiAdesilexP4Saccoda25Kg.webp
Adesivo cementizio Mapei Adesilex P9 (Sacco da 25 Kg),Mapei,N/A,/images/mapei_prodotti_paginato/AdesivocementizioMapeiAdesilexP9Saccoda25Kg.webp
Adesivo cementizio Mapei Adesilex P9 Express (Sacco da 25 Kg),Mapei,N/A,/images/mapei_prodotti_paginato/AdesivocementizioMapeiAdesilexP9ExpressSaccoda25Kg.webp
Adesivo Mapei Adesilex PG1 ( Kit da 2 o da 6 Kg),Mapei,N/A,/images/mapei_prodotti_paginato/AdesivoMapeiAdesilexPG1Kitda2oda6Kg.webp
Adesivo Mapei Adesilex PG4 (Kit da 2 o da 6 o da 30 Kg),Mapei,N/A,/images/mapei_prodotti_paginato/AdesivoMapeiAdesilexPG4Kitda2oda6oda30Kg.webp
Adesivo Mapei Adesilex PVC (Scatola da 50 confezioni da 125 g),Mapei,N/A,/images/mapei_prodotti_paginato/AdesivoMapeiAdesilexPVCScatolada50confezionida125g.webp
Adesivo Mapei Adesilex PVC HP (Scatola da 50 confezioni da 125 g),Mapei,N/A,/images/mapei_prodotti_paginato/AdesivoMapeiAdesilexPVCHPScatolada50confezionida125g.webp
Impregnante Mapei Antipluviol S (Confezione da 5 e 10 Kg),Mapei,N/A,/images/mapei_prodotti_paginato/ImpregnanteMapeiAntipluviolSConfezioneda5e10Kg.webp
Impregnante Mapei Antipluviol (Confezione da 5 o 25 Kg),Mapei,N/A,/images/mapei_prodotti_paginato/ImpregnanteMapeiAntipluviolConfezioneda5o25Kg.webp
Consolidante Mapei Consolidante ETS (Confezione da 10 Kg),Mapei,N/A,/images/mapei_prodotti_paginato/ConsolidanteMapeiConsolidanteETSConfezioneda10Kg.webp
Consolidante Mapei Consolidante ETS WR (Confezione da 10 Kg),Mapei,N/A,/images/mapei_prodotti_paginato/ConsolidanteMapeiConsolidanteETSWRConfezioneda10Kg.webp
Primer Mapei Eco Prim Grip (Confezione da 5 o 10 Kg),Mapei,N/A,/images/mapei_prodotti_paginato/PrimerMapeiEcoPrimGripConfezioneda5o10Kg.webp
Primer Mapei Eco Prim PU 1K (Confezione da 10 Kg),Mapei,N/A,/images/mapei_prodotti_paginato/PrimerMapeiEcoPrimPU1KConfezioneda10Kg.webp
Adesivo Mapei Eporip (Kit da 2 o 10 Kg),Mapei,N/A,/images/mapei_prodotti_paginato/AdesivoMapeiEporipKitda2o10Kg.webp
Vernice Mapei Fuga Fresca (Scatole da 12 confezioni da 160 g),Mapei,N/A,/images/mapei_prodotti_paginato/VerniceMapeiFugaFrescaScatoleda12confezionida160g.webp
Additivo Mapei Fugolastic (Confezione da 5 o 10 Kg),Mapei,N/A,/images/mapei_prodotti_paginato/AdditivoMapeiFugolasticConfezioneda5o10Kg.webp
Giunto Mapei Idrostop B25 (Scatola da 6 confezioni da 5 metri),Mapei,N/A,/images/mapei_prodotti_paginato/GiuntoMapeiIdrostopB25Scatolada6confezionida5metri.webp
Adesivo Mapei Kerabond Plus (Sacco da 25 Kg),Mapei,N/A,/images/mapei_prodotti_paginato/AdesivoMapeiKerabondPlusSaccoda25Kg.webp
Adesivo Mapei Keraflex (Sacco da 25 Kg),Mapei,N/A,/images/mapei_prodotti_paginato/AdesivoMapeiKeraflexSaccoda25Kg.webp
Adesivo Mapei Keraflex Maxi S1 (Sacco da 23 Kg),Mapei,N/A,/images/mapei_prodotti_paginato/AdesivoMapeiKeraflexMaxiS1Saccoda23Kg.webp
Adesivo Mapei Keralastic (Confezione da 5 o 10 Kg),Mapei,N/A,/images/mapei_prodotti_paginato/AdesivoMapeiKeralasticConfezioneda5o10Kg.webp
Adesivo Mapei Keralastic T (Confezioni da 5 o 10 Kg),Mapei,N/A,/images/mapei_prodotti_paginato/AdesivoMapeiKeralasticTConfezionida5o10Kg.webp
Malta Mapei Kerapoxy Design (Secchio da 3 Kg),Mapei,N/A,/images/mapei_prodotti_paginato/MaltaMapeiKerapoxyDesignSecchioda3Kg.webp
Legnante Mapei Lampocem (Sacco da 25 Kg o 4 sacchi da 5 Kg),Mapei,N/A,/images/mapei_prodotti_paginato/LegnanteMapeiLampocemSaccoda25Kgo4sacchida5Kg.webp
Legnante Mapei Lamposilex (Fustini da 5 Kg),Mapei,N/A,/images/mapei_prodotti_paginato/LegnanteMapeiLamposilexFustinida5Kg.webp
Livellante cementizio Mapei Novoplan Maxi (Sacco da 25 Kg),Mapei,N/A,/images/mapei_prodotti_paginato/LivellantecementizioMapeiNovoplanMaxiSaccoda25Kg.webp
"Additivo Mapei Planicrete ( taniche da 5,10,25 Kg e 12 confezioni da 1 Kg)",Mapei,N/A,/images/mapei_prodotti_paginato/AdditivoMapeiPlanicretetanicheda51025Kge12confezionida1Kg.webp
Malta cementizia Mapei Planiseal 88 (Sacchi da 25 Kg),Mapei,N/A,/images/mapei_prodotti_paginato/MaltacementiziaMapeiPlaniseal88Sacchida25Kg.webp
Rasatura Mapei Planitop 217 (Sacchi da 25 Kg),Mapei,N/A,/images/mapei_prodotti_paginato/RasaturaMapeiPlanitop217Sacchida25Kg.webp
Rasatura Mapei Planitop 510 (Sacchi da 25 Kg),Mapei,N/A,/images/mapei_prodotti_paginato/RasaturaMapeiPlanitop510Sacchida25Kg.webp
Rasatura Mapei Planitop 517 (Sacchi da 25 Kg),Mapei,N/A,/images/mapei_prodotti_paginato/RasaturaMapeiPlanitop517Sacchida25Kg.webp
Rasatura Mapei Planitop 525 (Sacchi da 25 Kg),Mapei,N/A,/images/mapei_prodotti_paginato/RasaturaMapeiPlanitop525Sacchida25Kg.webp
Rasatura Mapei Planitop 530 (Sacchi da 25 Kg),Mapei,N/A,/images/mapei_prodotti_paginato/RasaturaMapeiPlanitop530Sacchida25Kg.webp
Rasatura Mapei Planitop 540 (Sacchi da 25 Kg),Mapei,N/A,/images/mapei_prodotti_paginato/RasaturaMapeiPlanitop540Sacchida25Kg.webp
Rasatura Mapei Planitop 560 (Sacchi da 20 Kg),Mapei,N/A,/images/mapei_prodotti_paginato/RasaturaMapeiPlanitop560Sacchida20Kg.webp
Rasatura Mapei Planitop 565 (Sacchi da 20 Kg),Mapei,N/A,/images/mapei_prodotti_paginato/RasaturaMapeiPlanitop565Sacchida20Kg.webp
Rasatura Mapei Planitop 610 RasaGesso M (Sacchi da 15 Kg),Mapei,N/A,/images/mapei_prodotti_paginato/RasaturaMapeiPlanitop610RasaGessoMSacchida15Kg.webp
Malta Mapei Planitop Fast 330 (Sacchi da 25 Kg),Mapei,N/A,/images/mapei_prodotti_paginato/MaltaMapeiPlanitopFast330Sacchida25Kg.webp
Rasatura Mapei Planitop Fine Finish (Sacchi da 20 Kg),Mapei,N/A,/images/mapei_prodotti_paginato/RasaturaMapeiPlanitopFineFinishSacchida20Kg.webp
"Malta cementizia Mapei Planitop HDM Maxi (Kit da 31,25 Kg)",Mapei,N/A,/images/mapei_prodotti_paginato/MaltacementiziaMapeiPlanitopHDMMaxiKitda3125Kg.webp
"Malta premiscelata Mapei Planitop HDM Restauro (Kit da 29,75 Kg)",Mapei,N/A,/images/mapei_prodotti_paginato/MaltapremiscelataMapeiPlanitopHDMRestauroKitda2975Kg.webp
Malta Mapei Planitop Intonaco Armato (Kit da 30 Kg),Mapei,N/A,/images/mapei_prodotti_paginato/MaltaMapeiPlanitopIntonacoArmatoKitda30Kg.webp
Malta cementizia Mapei Planitop Rasa & Ripara R4 (Sacco da 25 Kg),Mapei,N/A,/images/mapei_prodotti_paginato/MaltacementiziaMapeiPlanitopRasaRiparaR4Saccoda25Kg.webp
Rasatura Mapei Planitop Raso Max (Sacco da 25 Kg),Mapei,N/A,/images/mapei_prodotti_paginato/RasaturaMapeiPlanitopRasoMaxSaccoda25Kg.webp
Rasatura Mapei Planitop Superfine (Sacco da 20 Kg),Mapei,N/A,/images/mapei_prodotti_paginato/RasaturaMapeiPlanitopSuperfineSaccoda20Kg.webp
Malta Mapei Porocol (Sacco da 25 Kg),Mapei,N/A,/images/mapei_prodotti_paginato/MaltaMapeiPorocolSaccoda25Kg.webp
Malta Mapei PoroMap Rinzaffo Plus (Sacco da 25 Kg),Mapei,N/A,/images/mapei_prodotti_paginato/MaltaMapeiPoroMapRinzaffoPlusSaccoda25Kg.webp
Primer Mapei Primer 3296 (Taniche da 5 o 10 Kg),Mapei,N/A,/images/mapei_prodotti_paginato/PrimerMapeiPrimer3296Tanicheda5o10Kg.webp
Fondo acrilico Mapei Malech (Taniche da 2 o 10 Kg),Mapei,N/A,/images/mapei_prodotti_paginato/FondoacrilicoMapeiMalechTanicheda2o10Kg.webp
Malta da muratura Mapei Mape-Antique Allettamento (Sacco da 25 Kg),Mapei,N/A,/images/mapei_prodotti_paginato/MaltadamuraturaMapeiMape-AntiqueAllettamentoSaccoda25Kg.webp
Eco malta Mapei Mape-Antique Nhl Eco Rasante Civile (Sacco da 25 Kg),Mapei,N/A,/images/mapei_prodotti_paginato/EcomaltaMapeiMape-AntiqueNhlEcoRasanteCivileSaccoda25Kg.webp
Eco malta Mapei Mape-Antique Nhl Eco Rasante Grosso (Sacco da 25 Kg),Mapei,N/A,/images/mapei_prodotti_paginato/EcomaltaMapeiMape-AntiqueNhlEcoRasanteGrossoSaccoda25Kg.webp
Eco malta Mapei Mape-Antique Nhl Eco Rinzaffo (Sacco da 25 Kg),Mapei,N/A,/images/mapei_prodotti_paginato/EcomaltaMapeiMape-AntiqueNhlEcoRinzaffoSaccoda25Kg.webp
Rivestimento elastico Mapei Mape-Antique Ecolastic (Kit da 15 Kg),Mapei,N/A,/images/mapei_prodotti_paginato/RivestimentoelasticoMapeiMape-AntiqueEcolasticKitda15Kg.webp
Malta da rasatura Mapei Mape-Antique Fc Civile (Sacco da 25 Kg),Mapei,N/A,/images/mapei_prodotti_paginato/MaltadarasaturaMapeiMape-AntiqueFcCivileSaccoda25Kg.webp
Malta da rasatura Mapei Mape-Antique Fc Grosso (Sacco da 25 Kg),Mapei,N/A,/images/mapei_prodotti_paginato/MaltadarasaturaMapeiMape-AntiqueFcGrossoSaccoda25Kg.webp
Malta da rasatura Mapei Mape-Antique Fc Ultrafine (Sacco da 25 Kg),Mapei,N/A,/images/mapei_prodotti_paginato/MaltadarasaturaMapeiMape-AntiqueFcUltrafineSaccoda25Kg.webp
Intonaco Mapei Mape-Antique Intonaco Nhl (Sacco da 25 Kg),Mapei,N/A,/images/mapei_prodotti_paginato/IntonacoMapeiMape-AntiqueIntonacoNhlSaccoda25Kg.webp
Legnante Mapei Mape-Antique Lc (Sacco da 20 Kg),Mapei,N/A,/images/mapei_prodotti_paginato/LegnanteMapeiMape-AntiqueLcSaccoda20Kg.webp
Malta per intonaci Mapei Mape-Antique Mc (Sacco da 25 Kg),Mapei,N/A,/images/mapei_prodotti_paginato/MaltaperintonaciMapeiMape-AntiqueMcSaccoda25Kg.webp
Malta per intonaci Mapei Mape-Antique Mc Macchina (Sacco da 25 Kg),Mapei,N/A,/images/mapei_prodotti_paginato/MaltaperintonaciMapeiMape-AntiqueMcMacchinaSaccoda25Kg.webp
Malta da rinzaffo Mapei Mape-Antique Rinzaffo (Sacco da 20 Kg),Mapei,N/A,/images/mapei_prodotti_paginato/MaltadarinzaffoMapeiMape-AntiqueRinzaffoSaccoda20Kg.webp
Malta per intonaci Mapei Mape-Antique Strutturale Nhl (Sacco da 25 Kg),Mapei,N/A,/images/mapei_prodotti_paginato/MaltaperintonaciMapeiMape-AntiqueStrutturaleNhlSaccoda25Kg.webp
"Nastro in gomma Mapei Mapeband Easy (Rotoli da 10 o 30 mt, Angolari da 90째 o 270째, Quadrotti 200x200 mm o 400x400 mm)",Mapei,N/A,/images/mapei_prodotti_paginato/NastroingommaMapeiMapebandEasyRotolida10o30mtAngolarida90o270Quadrotti200x200mmo400x400mm.webp
Nastro Mapei Mapeband Sa (Rotoli da 25 mt o Mascherine 370x370 mm),Mapei,N/A,/images/mapei_prodotti_paginato/NastroMapeiMapebandSaRotolida25mtoMascherine370x370mm.webp
"Nastro Mapei Mapeband Tpe (Rotoli larghi 17 o 32,5 cm)",Mapei,N/A,/images/mapei_prodotti_paginato/NastroMapeiMapebandTpeRotolilarghi17o325cm.webp
Vernice Mapei Mapecoat Dw 25 (Kit da 5 Kg),Mapei,N/A,/images/mapei_prodotti_paginato/VerniceMapeiMapecoatDw25Kitda5Kg.webp
Vernice Mapei Mapecoat I 24 (Kit da 5 o 15 Kg),Mapei,N/A,/images/mapei_prodotti_paginato/VerniceMapeiMapecoatI24Kitda5o15Kg.webp
Malta cementizia Mapei Mapefer (Kit da 2 Kg),Mapei,N/A,/images/mapei_prodotti_paginato/MaltacementiziaMapeiMapeferKitda2Kg.webp
Malta Mapei Mapefill (Sacco da 25 Kg),Mapei,N/A,/images/mapei_prodotti_paginato/MaltaMapeiMapefillSaccoda25Kg.webp
Fissaggio chimico Mapei Mapefix Ep 470 Seismic (Scatola da 12 Pz),Mapei,N/A,/images/mapei_prodotti_paginato/FissaggiochimicoMapeiMapefixEp470SeismicScatolada12Pz.webp
Fissaggio chimico Mapei Mapefix Ve Sf (Scatola da 12 Pz),Mapei,N/A,/images/mapei_prodotti_paginato/FissaggiochimicoMapeiMapefixVeSfScatolada12Pz.webp
Fissaggio chimico Mapei Mapefix Vinybond (Scatola da 12 pz),Mapei,N/A,/images/mapei_prodotti_paginato/FissaggiochimicoMapeiMapefixVinybondScatolada12pz.webp
Sigillante Mapei Mapeflex Ac3 (Scatola da 24 pz da 310 ml),Mapei,N/A,/images/mapei_prodotti_paginato/SigillanteMapeiMapeflexAc3Scatolada24pzda310ml.webp
Sigillante Mapei Mapeflex Ac-Fr (Scatola da 20 pz da 550 ml),Mapei,N/A,/images/mapei_prodotti_paginato/SigillanteMapeiMapeflexAc-FrScatolada20pzda550ml.webp
Sigillante Mapei Mapeflex Blackfill (Scatole da 12 cartuccie da 300 ml),Mapei,N/A,/images/mapei_prodotti_paginato/SigillanteMapeiMapeflexBlackfillScatoleda12cartuccieda300ml.webp
Sigillante Mapei Mapeflex E-Pu 21 Sl grigio 113 (Secchio da 5 Kg),Mapei,N/A,/images/mapei_prodotti_paginato/SigillanteMapeiMapeflexE-Pu21Slgrigio113Secchioda5Kg.webp
Stucco Mapei Mapeflex Firestop 1200째C (Scatola da 12 pz da 300 ml),Mapei,N/A,/images/mapei_prodotti_paginato/StuccoMapeiMapeflexFirestop1200CScatolada12pzda300ml.webp
Sigillante Mapei Mapeflex Ms 40 (Scatole da 20 pz da 600 ml),Mapei,N/A,/images/mapei_prodotti_paginato/SigillanteMapeiMapeflexMs40Scatoleda20pzda600ml.webp
Sigillante Mapei Mapeflex Ms45 (Scatola da 12 cartucce da 300 ml),Mapei,N/A,/images/mapei_prodotti_paginato/SigillanteMapeiMapeflexMs45Scatolada12cartucceda300ml.webp
Sigillante Mapei Mapeflex Ms Crystal (Scatole da 12 pz da 300 ml),Mapei,N/A,/images/mapei_prodotti_paginato/SigillanteMapeiMapeflexMsCrystalScatoleda12pzda300ml.webp
Sigillante Mapei Mapeflex Pu35 Cr (Scatola da 20 pz da 600 ml),Mapei,N/A,/images/mapei_prodotti_paginato/SigillanteMapeiMapeflexPu35CrScatolada20pzda600ml.webp
Sigillante Mapei Mapeflex Pu40 (Scatola da 12 pz da 300 ml o 20 pz da 600 ml),Mapei,N/A,/images/mapei_prodotti_paginato/SigillanteMapeiMapeflexPu40Scatolada12pzda300mlo20pzda600ml.webp
Sigillante Mapei Mapeflex Pu 45 Ft (Scatola da 12 pz da 300 ml o 20 pz da 600 ml),Mapei,N/A,/images/mapei_prodotti_paginato/SigillanteMapeiMapeflexPu45FtScatolada12pzda300mlo20pzda600ml.webp
Sigillante Mapei Mapeflex Pu50 Sl (Scatola da 20 pz da 600 ml o fustini da 12 Kg),Mapei,N/A,/images/mapei_prodotti_paginato/SigillanteMapeiMapeflexPu50SlScatolada20pzda600mlofustinida12Kg.webp
Sigillante Mapei Mapeflex Pu65 (Kit da 10 Kg),Mapei,N/A,/images/mapei_prodotti_paginato/SigillanteMapeiMapeflexPu65Kitda10Kg.webp
Sigillante Mapei Mapeflex Pu 70 Ns (Secchio da 5 Kg),Mapei,N/A,/images/mapei_prodotti_paginato/SigillanteMapeiMapeflexPu70NsSecchioda5Kg.webp
Sigillante Mapei Mapeflex Pu 70 Sl (Kit da 10 Kg),Mapei,N/A,/images/mapei_prodotti_paginato/SigillanteMapeiMapeflexPu70SlKitda10Kg.webp
"Cordoncino Mapei Mapefoam (Diametro 6,10,15,20,25,30,40 mm)",Mapei,N/A,/images/mapei_prodotti_paginato/CordoncinoMapeiMapefoamDiametro6101520253040mm.webp
Rete Mapei Mapegrid B250 (1 rotolo da 50 m),Mapei,N/A,/images/mapei_prodotti_paginato/ReteMapeiMapegridB2501rotoloda50m.webp
Rete Mapei Mapegrid G120 (1 rotolo da 25 m),Mapei,N/A,/images/mapei_prodotti_paginato/ReteMapeiMapegridG1201rotoloda25m.webp
Rete Mapei Mapegrid C170 (1 rotolo da 50 m),Mapei,N/A,/images/mapei_prodotti_paginato/ReteMapeiMapegridC1701rotoloda50m.webp
Rete Mapei Mapegrid G220 (1 rotolo da 50 m),Mapei,N/A,/images/mapei_prodotti_paginato/ReteMapeiMapegridG2201rotoloda50m.webp
Malta Mapei Mapegrout 430 (Sacco da 25 Kg),Mapei,N/A,/images/mapei_prodotti_paginato/MaltaMapeiMapegrout430Saccoda25Kg.webp
Malta Mapei Mapegrout Colabile (Sacco da 25 Kg),Mapei,N/A,/images/mapei_prodotti_paginato/MaltaMapeiMapegroutColabileSaccoda25Kg.webp
Malta Mapei Mapegrout Ancora & Ripara (Sacco da 25 Kg),Mapei,N/A,/images/mapei_prodotti_paginato/MaltaMapeiMapegroutAncoraRiparaSaccoda25Kg.webp
Malta Mapei Mapegrout Ripara Facile (Sacco da 25 Kg),Mapei,N/A,/images/mapei_prodotti_paginato/MaltaMapeiMapegroutRiparaFacileSaccoda25Kg.webp
Malta colabile Mapei Mapegrout Sv (Sacco da 25 Kg),Mapei,N/A,/images/mapei_prodotti_paginato/MaltacolabileMapeiMapegroutSvSaccoda25Kg.webp
Malta cementizia Mapei Mapegrout Sv Fiber (Sacco da 25 Kg),Mapei,N/A,/images/mapei_prodotti_paginato/MaltacementiziaMapeiMapegroutSvFiberSaccoda25Kg.webp
Malta tissotropica Mapei Mapegrout T40 (Sacco da 25 Kg),Mapei,N/A,/images/mapei_prodotti_paginato/MaltatissotropicaMapeiMapegroutT40Saccoda25Kg.webp
Malta tissotropica Mapei Mapegrout T60 (Sacco da 25 Kg),Mapei,N/A,/images/mapei_prodotti_paginato/MaltatissotropicaMapeiMapegroutT60Saccoda25Kg.webp
Malta Mapei Mapegrout Tissotropico (Sacco da 25 Kg),Mapei,N/A,/images/mapei_prodotti_paginato/MaltaMapeiMapegroutTissotropicoSaccoda25Kg.webp
Malta bicomponente Mapei Mapelastic Foundation (Kit da 32 Kg),Mapei,N/A,/images/mapei_prodotti_paginato/MaltabicomponenteMapeiMapelasticFoundationKitda32Kg.webp
Rete Mapei Mapenet Em30 / Em40 (1 rotolo da 25/50 mt),Mapei,N/A,/images/mapei_prodotti_paginato/ReteMapeiMapenetEm30Em401rotoloda2550mt.webp
Schiuma Mapei Mapepur All In One Foam (Scatola da 12 bombolette da 750 ml),Mapei,N/A,/images/mapei_prodotti_paginato/SchiumaMapeiMapepurAllInOneFoamScatolada12bomboletteda750ml.webp
Schiuma Mapei Mapepur Roof Foam M/G (Scatola da 12 bombolette da 750 ml),Mapei,N/A,/images/mapei_prodotti_paginato/SchiumaMapeiMapepurRoofFoamMGScatolada12bomboletteda750ml.webp
Mapei Mapepur Universal Foam M/G (Scatola da 12 bombolette da 750 ml),Mapei,N/A,/images/mapei_prodotti_paginato/MapeiMapepurUniversalFoamMGScatolada12bomboletteda750ml.webp
Schiuma Mapei Mapepur Multi Adhesive Foam G (Scatola da 12 bombolette da 750 ml),Mapei,N/A,/images/mapei_prodotti_paginato/SchiumaMapeiMapepurMultiAdhesiveFoamGScatolada12bomboletteda750ml.webp
Sigillante Mapei Mapesil 300째C (Scatole da 12 cartucce da 300 ml),Mapei,N/A,/images/mapei_prodotti_paginato/SigillanteMapeiMapesil300CScatoleda12cartucceda300ml.webp
Sigillante Mapei Mapesil Bm (Scatole da 12 cartucce da 310 ml),Mapei,N/A,/images/mapei_prodotti_paginato/SigillanteMapeiMapesilBmScatoleda12cartucceda310ml.webp
Sigillante Mapei Mapesil Gp (Scatole da 12 cartucce da 280 ml),Mapei,N/A,/images/mapei_prodotti_paginato/SigillanteMapeiMapesilGpScatoleda12cartucceda280ml.webp
Sigillante Mapei Mapesil U (Scatole da 24 cartucce da 280 ml),Mapei,N/A,/images/mapei_prodotti_paginato/SigillanteMapeiMapesilUScatoleda24cartucceda280ml.webp
Sigillante Mapei Mapesil Z Plus (Scatole da 12 cartucce da 280 ml),Mapei,N/A,/images/mapei_prodotti_paginato/SigillanteMapeiMapesilZPlusScatoleda12cartucceda280ml.webp
Sigillante Mapei Mapesil Lm (Scatole da 12 cartucce da 310 ml),Mapei,N/A,/images/mapei_prodotti_paginato/SigillanteMapeiMapesilLmScatoleda12cartucceda310ml.webp
Legante Mapei Mapstone Joint (Taniche da 25 Kg),Mapei,N/A,/images/mapei_prodotti_paginato/LeganteMapeiMapstoneJointTanicheda25Kg.webp
Malta premiscelata Mapei Mapestone Pfs 2 (Sacco da 25 Kg),Mapei,N/A,/images/mapei_prodotti_paginato/MaltapremiscelataMapeiMapestonePfs2Saccoda25Kg.webp
Malta premiscelata Mapei Mapestone Tfb 60 (Sacco da 25 Kg),Mapei,N/A,/images/mapei_prodotti_paginato/MaltapremiscelataMapeiMapestoneTfb60Saccoda25Kg.webp
Indurente Mapei Mapetop N Ar6 (Sacco da 25 Kg),Mapei,N/A,/images/mapei_prodotti_paginato/IndurenteMapeiMapetopNAr6Saccoda25Kg.webp
Malta fibrorinforzata Mapei MapeWall Intonaca & Rinforza (Sacco da 25 Kg),Mapei,N/A,/images/mapei_prodotti_paginato/MaltafibrorinforzataMapeiMapeWallIntonacaRinforzaSaccoda25Kg.webp
Intonaco Mapei Mapewall Intonaco Base (Sacco da 25 Kg),Mapei,N/A,/images/mapei_prodotti_paginato/IntonacoMapeiMapewallIntonacoBaseSaccoda25Kg.webp
Pulitore concentrato Mapei Ultracare Keranet (Tanica da 1 e 5 lt),Mapei,N/A,/images/mapei_prodotti_paginato/PulitoreconcentratoMapeiUltracareKeranetTanicada1e5lt.webp
Malta Mapei MapeWall Muratura Fine (Sacco da 25 Kg),Mapei,N/A,/images/mapei_prodotti_paginato/MaltaMapeiMapeWallMuraturaFineSaccoda25Kg.webp
Stucco Mapei Mapewrap 11 (Kit da 6 Kg),Mapei,N/A,/images/mapei_prodotti_paginato/StuccoMapeiMapewrap11Kitda6Kg.webp
Stucco Mapei Mapewrap 12 (Kit da 6 Kg),Mapei,N/A,/images/mapei_prodotti_paginato/StuccoMapeiMapewrap12Kitda6Kg.webp
Resina Mapei Mapewrap 21 (Kit da 5 Kg),Mapei,N/A,/images/mapei_prodotti_paginato/ResinaMapeiMapewrap21Kitda5Kg.webp
Adesivo Mapei Mapewrap 31 (Kit da 5 Kg),Mapei,N/A,/images/mapei_prodotti_paginato/AdesivoMapeiMapewrap31Kitda5Kg.webp
"Adesivo Mapei Adesilex MT32 (Confezione da 5,10,20 Kg)",Mapei,N/A,/images/mapei_prodotti_paginato/AdesivoMapeiAdesilexMT32Confezioneda51020Kg.webp
Adesivo Mapei Adesilex VS45 (Confezione da 5 e 14 Kg),Mapei,N/A,/images/mapei_prodotti_paginato/AdesivoMapeiAdesilexVS45Confezioneda5e14Kg.webp
Malta Mapei Mape-Antique Nhl Eco Restaura (Sacco da 25 Kg),Mapei,N/A,/images/mapei_prodotti_paginato/MaltaMapeiMape-AntiqueNhlEcoRestauraSaccoda25Kg.webp
Malta cementizia Mapei Mapelastic (Sacco da 24 Kg + Secchio da 8 Kg),Mapei,N/A,/images/mapei_prodotti_paginato/MaltacementiziaMapeiMapelasticSaccoda24KgSecchioda8Kg.webp
Adesivo cementizio Mapei Keraflex Extra S1 Zero grigio (Sacco da 25 Kg),Mapei,N/A,/images/mapei_prodotti_paginato/AdesivocementizioMapeiKeraflexExtraS1ZerogrigioSaccoda25Kg.webp
Malta da rasatura Mapei Poromap Finitura Granello (Sacco da 25 Kg),Mapei,N/A,/images/mapei_prodotti_paginato/MaltadarasaturaMapeiPoromapFinituraGranelloSaccoda25Kg.webp
Emulsione cremosa Mapei Mapestop Cream (Tubetto da 280 Ml),Mapei,N/A,/images/mapei_prodotti_paginato/EmulsionecremosaMapeiMapestopCreamTubettoda280Ml.webp
Additivo Mapei Mapefluid N200 (Tanica da 10 o 25 Kg),Mapei,N/A,/images/mapei_prodotti_paginato/AdditivoMapeiMapefluidN200Tanicada10o25Kg.webp
