name,brand,descrizione,image_url
KIT RESTAURO LEGNO OLIATO OPACO,Marbec,"Questo Kit fai da te è pensato per il restauro di pavimenti smagriti, ingrigiti e deteriorati dal tempo e dall'usura del calpestio. Riaccende i colori del legno uniformando l’aspetto del pavimento e dona al materiale una nuova protezione idrorepellente e antimacchia.",/images/marbec_products/KITRESTAUROLEGNOOLIATOOPACO.webp
KIT RESTAURA LEGNO VERNICATO OPACO,Marbec,"Questo Kit fai da te è pensato per il restauro di pavimenti smagriti, ingrigiti e deteriorati dal tempo e dall'usura del calpestio. Riaccende i colori del legno uniformando l’aspetto del pavimento e dona al materiale una nuova protezione idrorepellente e antimacchia.",/images/marbec_products/KITRESTAURALEGNOVERNICATOOPACO.webp
KIT RESTAURA LEGNO OLIATO LUCIDO,Marbec,"Kit completo per il restauro fai da te di pavimenti in legno oliato lucido. Rigenera, protegge e ravviva il parquet usurato, restituendo colore, lucentezza e idrorepellenza.",/images/marbec_products/KITRESTAURALEGNOOLIATOLUCIDO.webp
KIT RESTAURA LEGNO VERNICIATO LUCIDO,Marbec,"Kit completo per il restauro fai da te di pavimenti in legno verniciato lucido. Ravviva il colore, elimina l’ingrigimento, protegge da sporco e umidità senza carteggiatura.",/images/marbec_products/KITRESTAURALEGNOVERNICIATOLUCIDO.webp
KIT MANUTENZIONE INFISSI,Marbec,"Kit completo per la manutenzione di infissi e serramenti in legno, alluminio, PVC, metallo e ferro battuto. Elimina lo sporco, sgrassa a fondo, ravviva i colori e protegge le superfici con un’azione idrorepellente, antisporco e resistente ai raggi U.V.",/images/marbec_products/KITMANUTENZIONEINFISSI.webp
KIT RECUPERA INFISSI IN ALLUMINIO E METALLO,Marbec,"Kit completo per pulire, rigenerare e proteggere infissi in alluminio, metallo verniciato e ferro battuto, ripristinando colore e resistenza agli agenti atmosferici.",/images/marbec_products/KITRECUPERAINFISSIINALLUMINIOEMETALLO.webp
KIT RECUPERA INFISSI IN LEGNO,Marbec,"Progettato per rinnovare gli infissi e serramenti in legno verniciati o impregnati ad olio, offre una soluzione fai da te contro i danni causati dal sole e dagli agenti atmosferici. Accende i colori dei materiali e dona una protezione idrorepellente, antisporco e resistente ai raggi U.V. Rende le superfici più facili da pulire.",/images/marbec_products/KITRECUPERAINFISSIINLEGNO.webp
PROTEGGI INFISSI,Marbec,Cera di protezione per infissi e serramenti interni ed esterni. Protegge dai raggi U.V. e dagli agenti atmosferici e aumenta la resistenza idrorepellente e antimacchia.,/images/marbec_products/PROTEGGIINFISSI.webp
PULI INFISSI,Marbec,"Detergente sgrassante per infissi e serramenti, ideale per pulizia ordinarie che straordinarie. Sicuro su PVC, legno, alluminio e metallo. Rimuove smog, polvere, calcare e sporco atmosferico. Non contiene soda caustica, ammoniaca e solventi.",/images/marbec_products/PULIINFISSI.webp
SMACCHIA INFISSI,Marbec,"Smacchiatore specifico per il recupero e la pulizia profonda degli infissi in legno esposti agli agenti atmosferici. Rimuove efficacemente la patina grigia causata dall’invecchiamento e dall’esposizione al sole, eliminando bruciature, sbiancamenti, macchie e aloni di tannino. Ripristina l’aspetto naturale del legno e prepara la superficie per una nuova protezione",/images/marbec_products/SMACCHIAINFISSI.webp
PROTEX,Marbec,"Protettivo idrorepellente ed antisporco per tessuti naturali e sintetici interni ed esterni. Crea una protezione invisibile, resistente ai raggi U.V. e di lunga durata. Di facile applicazione e non modifica la morbidezza del tessuto,",/images/marbec_products/PROTEX.webp
Rubinetto per Tanica 5Lt- 10Lt- 20Lt,Marbec,"Rubinetto per taniche MARBEC da 5, 10 e 20 litri. Permette un travaso facile, sicuro e senza gocce. Ideale per detergenti e liquidi tecnici.",/images/marbec_products/RubinettoperTanica5Lt-10Lt-20Lt.webp
AMMORBIDENTE BELBUCATO AGRUMOSO,Marbec,Ammorbidente superconcentrato per bucato al profumo di agrumi. Dona grande morbidezza ai tuoi capi e lascia un elegante profumo agrumato.,/images/marbec_products/AMMORBIDENTEBELBUCATOAGRUMOSO.webp
AMMORBIDENTE BELBUCATO MORBIDOSO,Marbec,Ammorbidente superconcentrato per bucato al profumo di marsiglia. Dona grande morbidezza ai tuoi capi e rilascia una fragranza fresca e piacevole.,/images/marbec_products/AMMORBIDENTEBELBUCATOMORBIDOSO.webp
AMMORBIDENTE BELBUCATO PROFUMOSO,Marbec,Ammorbidente superconcentrato per bucato dal profumo fresco. Dona grande morbidezza ai tuoi capi e rilascia una fragranza fresca e molto duratura.,/images/marbec_products/AMMORBIDENTEBELBUCATOPROFUMOSO.webp
AMMORBIDENTE BELBUCATO FLOREALE,Marbec,Ammorbidente superconcentrato per bucato al profumo di fiori. Dona grande morbidezza ai tuoi capi e lascia un elegante profumo floreale.,/images/marbec_products/AMMORBIDENTEBELBUCATOFLOREALE.webp
DETERSIVO BELBUCATO MARSIGLIA,Marbec,"Detergente liquido per il bucato. Grazie alla sua formula avanzata, questo detergente offre un'azione pulente eccezionale e lascia sui tuoi capi un gradevole profumo di marsiglia, rendendo ogni lavaggio un'esperienza piacevole.",/images/marbec_products/DETERSIVOBELBUCATOMARSIGLIA.webp
DETERSIVO BELBUCATO CURA COLORE,Marbec,"Detergente liquido per il bucato. Grazie alla sua formula avanzata, questo detergente offre un'azione pulente eccezionale e lascia sui tuoi capi un gradevole profumo fresco, con un'attenzione particolare a non alterare il colore degli indumenti.",/images/marbec_products/DETERSIVOBELBUCATOCURACOLORE.webp
DETERSIVO BELBUCATO BIANCOPERFETTO,Marbec,"Detergente liquido per il bucato. Grazie alla sua formula avanzata, questo detergente offre un'azione pulente eccezionale, facendo risplendere il bianco dei tuoi capi. Lascia un gradevole profumo fresco, rendendo ogni lavaggio un'esperienza piacevole.",/images/marbec_products/DETERSIVOBELBUCATOBIANCOPERFETTO.webp
DETERSIVO BELBUCATO PROFUMOSO,Marbec,"Detergente liquido per il bucato. Grazie alla sua formula avanzata, questo detergente offre un'azione pulente eccezionale, eliminando le macchie più ostinate anche a basse temperature. Lascia sui tuoi capi un gradevole profumo fresco, rendendo ogni lavaggio un'esperienza piacevole.",/images/marbec_products/DETERSIVOBELBUCATOPROFUMOSO.webp
DETERSIVO BELBUCATO AGRUMOSO,Marbec,"Detergente liquido per il bucato. Grazie alla sua formula avanzata, questo detergente offre un'azione pulente eccezionale, eliminando le macchie più ostinate anche a basse temperature. Lascia sui tuoi capi un gradevole profumo fresco e agrumato, rendendo ogni lavaggio un'esperienza piacevole.",/images/marbec_products/DETERSIVOBELBUCATOAGRUMOSO.webp
DETERSIVO BELBUCATO FLOREALE,Marbec,"Detergente liquido per il bucato. Grazie alla sua formula avanzata, questo detergente offre un'azione pulente eccezionale, eliminando le macchie più ostinate anche a basse temperature. Lascia sui tuoi capi un gradevole profumo fresco e pulito, rendendo ogni lavaggio un'esperienza piacevole.",/images/marbec_products/DETERSIVOBELBUCATOFLOREALE.webp
ROBOPARQUET,Marbec,"Detersivo concentrato a bassa schiuma per pavimenti in legno e parquet, ideale per robot lavapavimenti. Pulisce a fondo, asciuga rapidamente senza rovinare materiali ed elettrodomestici.",/images/marbec_products/ROBOPARQUET.webp
KIT CRISTALLI DOCCIA,Marbec,"Il KIT CRISTALLI DOCCIA rimuove efficacemente le macchie di calcare sui vetri del box doccia, comuni in aree con acqua ricca di minerali. Rende i vetri splendenti e privi di residui. Include detergenti specifici e tamponi di alta qualità per pulire senza graffi, ripristinando la lucentezza originale e prolungando la durata dei cristalli.",/images/marbec_products/KITCRISTALLIDOCCIA.webp
TUBO RIEMPIMENTO SECCHI,Marbec,Ideale per riempire comodamente secchi d'acqua,/images/marbec_products/TUBORIEMPIMENTOSECCHI.webp
SPONGICLEAN,Marbec,"Spugna micro-abrasiva per la rimozione di incrostazioni di calcare tenaci dalle superfici in vetro, ceramica e metalli satinati.",/images/marbec_products/SPONGICLEAN.webp
PULISCI TENDE,Marbec,"Detergente smacchiante specifico per la pulizia di tutti i tessuti di tende e gazebo in esterno. Rimuove sporco, muffe, smog, salsedine ed escrementi dai tessuti senza danneggiarli.",/images/marbec_products/PULISCITENDE.webp
ROBONETTO,Marbec,"Detersivo pavimenti concentrato a bassa schiumosità per pulizia con robot lavapavimenti. Pulisce a fondo, asciuga rapidamente senza rovinare materiali ed elettrodomestici.",/images/marbec_products/ROBONETTO.webp
DISCO DIAM 125MM,Marbec,"I DISCHI DIAM 125MM MARBEC usati in combinazione nelle quattro colorazioni sono ideali per il recupero e la rilucidatura di marmi e agglomerati cementizi lucidi (graniglie, palladiane, ecc.), che sono stati fortemente danneggiati da sostanze acide (corrosioni), opacizzati dall’uso o da accumulo di calcare o che presentano graffi.",/images/marbec_products/DISCODIAM125MM.webp
PAD DIAM 125MM,Marbec,"I PAD DIAM 125MM MARBEC usati in combinazione nelle tre colorazioni sono ideali per il rinnovo di marmi e agglomerati cementizi lucidi (graniglie, palladiane, ecc.), che sono stati lievemente danneggiati da sostanze acide (corrosioni) od opacizzati dall’uso o da accumulo di calcare o che presentano micrograffi superficiali.",/images/marbec_products/PADDIAM125MM.webp
GUANTO PER VETRI IN MICROFIBRA,Filmop,"Il Guanto per Vetri in Microfibra è utilizzato per la pulizia manuale dei vetri. Consente la rimozione completa di polvere e sporco, assicurando una pulizia profonda ed efficace.",/images/marbec_products/GUANTOPERVETRIINMICROFIBRA.webp
GUANTO PER SPOLVERO IN MICROFIBRA,Filmop,"Il Guanto per Spolvero in Microfibra è utilizzato per la pulizia manuale di tutte le superfici. Consente la rimozione completa di polvere e sporco, assicurando una pulizia efficace.",/images/marbec_products/GUANTOPERSPOLVEROINMICROFIBRA.webp
PLATORELLO MARBEC 125MM,Marbec,"Platorello 125mm con attacco a velcro per trapano e avvitatore. Abbinato ai PAD MARBEC si utlizza per la levigatura e lucidatura del marmo, pietra e agglomerato lucido.",/images/marbec_products/PLATORELLOMARBEC125MM.webp
KIT RECUPERO LEGNO VERNICIATO OPACO,Marbec,"Il KIT RECUPERO LEGNO VERNICIATO OPACO rappresenta una soluzione completa ed efficace per il recupero fai da te  delle superfici in legno verniciato opaco usurate dal tempo e usura. Progettato per ridare tono e migliorare l'estetica dei pavimenti, il kit garantisce una finitura opaca duratura e una resistenza superiore ai lavaggi e all'usura quotidiana.",/images/marbec_products/KITRECUPEROLEGNOVERNICIATOOPACO.webp
KIT RECUPERO LEGNO VERNICIATO LUCIDO,Marbec,"Il KIT RECUPERO LEGNO VERNICIATO LUCIDO rappresenta una soluzione completa ed efficace per il recupero fai da te  delle superfici in legno verniciato lucido usurate dal tempo e usura. Progettato per ridare tono e migliorare l'estetica dei pavimenti, il kit garantisce una finitura lucida brillante duratura e una resistenza superiore ai lavaggi e all'usura quotidiana.",/images/marbec_products/KITRECUPEROLEGNOVERNICIATOLUCIDO.webp
DISINKROSTO WC,Marbec,"Detersivo acido tamponato in gel per WC e cassette incasso: aderisce alle superfici verticali, rimuove calcare, ruggine e residui organici. Dotato di irroratore per raggiungere i punti più nascosti.",/images/marbec_products/DISINKROSTOWC.webp
RE-CRYSTALBOX GR250,Marbec,"Crema rilucidante per i cristalli di box doccia, vetri e specchi lucidi. Pulisce, sgrassa, lucida e rimuove gli aloni e tracce di calcare di difficile rimozione. Rinnova le superfici in vetro e cristallo.",/images/marbec_products/RE-CRYSTALBOXGR250.webp
SPOT LESS,Marbec,"Detersivo specifico per la pulizia di indumenti da lavoro professionali (es. tute, grembiuli, vestaglie) fortemente macchiati anche da grasso e lubrificanti.",/images/marbec_products/SPOTLESS.webp
MONOVASCA SPIDER CON SEPARATORE,Filmop,Monovasca utilizzato per il lavaggio professionale dei pavimenti di piccoli ambienti.,/images/marbec_products/MONOVASCASPIDERCONSEPARATORE.webp
PANNO ENERGY-FUR CON ALETTE PER TELAIO EASY WASH,Filmop,"Panno in microfibra con micro alette che permettono un aggancio facile, veloce e sicuro al telaio EASY WASH. Ideale per tutte le superfici liscie con grado di sporco medio.",/images/marbec_products/PANNOENERGY-FURCONALETTEPERTELAIOEASYWASH.webp
MONO-TEX 10 PANNI PER SISTEMA A STRAPPO,Filmop,"Panni in microfibra ideali per combattere la contaminazione crociata e mantenere un alto standard d'igiene, rendendo semplice il metodo di pulizia che prevede l'utilizzo di un panno sempre pulito per ogni stanza.",/images/marbec_products/MONO-TEX10PANNIPERSISTEMAASTRAPPO.webp
PANNO SPEEDY PULI-SCRUB CON ALETTE,Filmop,"Panno SPEEDY PULI-SCRUB in ultra-microfibra e polipropilene, supporto in tela poliestere, con alette a 2 fori ed con etichetta colour code. Ideale per lo scrub e il lavaggio di superfici antiscivolo e cotto naturale con grado di sporco medio, caratterizzato da aderenza (hotel, case, uffici, ospedali, ecc). Ideale per la pulizia di angoli e pareti verticali.",/images/marbec_products/PANNOSPEEDYPULI-SCRUBCONALETTE.webp
TAMPONE MAGICO IN MELAMINA,Marbec,"Spugna per la pulizia delle superfici microporose quali: ceramica, marmo, cotto, gres porcellanato, legno, cemento lucido e rivestito, piastrelle in vinile. Può essere utilizzato anche su granito, pavimentazioni plastiche e linoleum.",/images/marbec_products/TAMPONEMAGICOINMELAMINA.webp
BEAUTY FLOOR OPACO,Marbec,"Cera di manutenzione per pavimenti in legno verniciato opaco. Protegge, ravviva e conserva nel tempo la superficie ed il trattamento iniziale.",/images/marbec_products/BEAUTYFLOOROPACO.webp
DISCO IN MELAMINA,Marbec,"Disco per la pulizia delle superfici microporose quali: ceramica, marmo, cotto, gres porcellnato, cemento lucido e rivestito, piastrelle in vinile. Può essere utilizzato anche su granito, pavimentazioni plastiche e linoleum.",/images/marbec_products/DISCOINMELAMINA.webp
ATTACCO PER DISCHI DI MONOSPAZZOLE IN ACCIAIO,Marbec,Attacco per dischi di monospazzole in acciaio con diametro 166mm - diametro utile 111mm per macchine ghibli wirbel,/images/marbec_products/ATTACCOPERDISCHIDIMONOSPAZZOLEINACCIAIO.webp
KIT DI MANUTENZIONE COTTO E PIETRA ESTERNI,Marbec,"Il KIT DI MANUTENZIONE COTTO E PIETRA ESTERNI è ideale per mantenere la bellezza e durabilità delle superfici esterne in cotto, pietra e agglomerati cementizi trattati con impregnanti idro-oleorepellenti e cere protettive. Facilita la rimozione dello sporco ostinato, previene l'usura da agenti atmosferici e garantisce superfici pulite e protette per anni.",/images/marbec_products/KITDIMANUTENZIONECOTTOEPIETRAESTERNI.webp
KIT FORNO E BARBECUE,Marbec,"Il KIT FORNO E BARBECUE è ideale per mantenere forni e barbecue impeccabili. Progettato per una pulizia profonda, elimina lo sporco ostinato, residui carbonizzati e grasso.",/images/marbec_products/KITFORNOEBARBECUE.webp
KIT MANUTENZIONE BAGNO,Marbec,"Il KIT PULIZIA E MANUTENZIONE BAGNO rappresenta una soluzione completa e pratica per mantenere il vostro bagno sempre pulito e in perfetto stato. Questo kit è stato progettato per affrontare le sfide quotidiane della pulizia disincrostante e della manutenzione ordinaria, offrendo prodotti specifici per ogni necessità.",/images/marbec_products/KITMANUTENZIONEBAGNO.webp
TAMPONE PER FORNO,Marbec,"Specifico per lo sporco più tenace su forni, grill, barbecue, pentole, tegami, pirofile e convettori.",/images/marbec_products/TAMPONEPERFORNO.webp
TAMPONE ABRASIVO PER LEGNO,Marbec,Specifico per rimuovere le sfibrature del legno nelle fasi di lavorazione.,/images/marbec_products/TAMPONEABRASIVOPERLEGNO.webp
KIT PULIZIA PRONTO CASA,Marbec,"KIT PULIZIA PRONTO CASA è una soluzione completa e altamente efficace per la manutenzione quotidiana delle superfici domestiche, particolarmente adatta per bagno e cucina. Questo kit include una selezione di prodotti specificamente formulati per affrontare con efficienza le sfide della pulizia ordinaria.",/images/marbec_products/KITPULIZIAPRONTOCASA.webp
KIT DI MANUTENZIONE COTTO E PIETRA INTERNI CERATI OPACHI,Marbec,"Il KIT DI MANUTENZIONE COTTO E PIETRA INTERNI CERATI OPACHI è la soluzione ideale per mantenere le superfici in cotto, pietra e agglomerati cementizi con finitura cerosa opaca sempre perfette. Questo kit completo offre tutto ciò che serve per una pulizia e manutenzione efficaci, prolungando la bellezza e la protezione delle superfici interne.",/images/marbec_products/KITDIMANUTENZIONECOTTOEPIETRAINTERNICERATIOPACHI.webp
DISCO IN LANA DI ACCIAIO INOX 432mm – 17in,Marbec,Disque abrasif en laine d’acier pour le polissage de marbres ou cristallisants avec monospazzole et lavasciuga. Diamètre 432 MM - 17,/images/marbec_products/DISCOINLANADIACCIAIOINOX432mm17in.webp
SPUGNA MAGICA,Marbec,"Spugna pulente multiuso per tutte le superfici. Abbinata ai detergenti Marbec, elimina tutto lo sporco.",/images/marbec_products/SPUGNAMAGICA.webp
PANNO SKILL-FUR CON ATTACCO VELCRO,Filmop,Ideale per tutte le superfici lisce o ruvide con grado di sporco medio. La bordatura anti-urto garantisce una maggiore protezione per battiscopa e pareti. Da utilizzare con tutti gli attrezzi con profili per sistema a velcro.,/images/marbec_products/PANNOSKILL-FURCONATTACCOVELCRO.webp
TOP CLEAN TELAIO CON IMPUGNATURA MANUALE,Filmop,"Telaio utilizzato nel sistema Top Clean per la pulizia di tavoli di mense, bar, cucine, ristoranti, scuole (consigliato anche per la pulizia delle lavagne) e per la pulizia di vetri interni, specchi, superfici in acciaio inox e tutte le superfici lisce verticali.",/images/marbec_products/TOPCLEANTELAIOCONIMPUGNATURAMANUALE.webp
EASY WASH TELAIO IN PLASTICA,Filmop,Indicato per il lavaggio semi-professionale di superfici in piccoli ambienti.,/images/marbec_products/EASYWASHTELAIOINPLASTICA.webp
PANNO SMART-FUR CON ATTACCO A VELCRO,Filmop,"Panno in microfibra con sistema a velcro, con etichetta colour code. Ideale anche per applicare le cere liquide.",/images/marbec_products/PANNOSMART-FURCONATTACCOAVELCRO.webp
SECCHIO TWIN DOPPIO,Filmop,"Secchio multiuso utilizzabile per il trasporto degli attrezzi di lavoro, per il lavaggio dei vetri con l'aggiunta di una griglia strizzavello e per il lavaggio dei pavimenti con l'aggiunta di uno strizzino.",/images/marbec_products/SECCHIOTWINDOPPIO.webp
Raschietto pavimenti con manico in ferro,Marbec,Consigliato per raschiare i pavimenti.,/images/marbec_products/Raschiettopavimenticonmanicoinferro.webp
PANNO PULI-SCRUB CON ATTACCO A VELCRO,Filmop,Panno con etichetta colour code. Ideale per tutte le superfici ruvide con grado di sporco medio-alto.,/images/marbec_products/PANNOPULI-SCRUBCONATTACCOAVELCRO.webp
PANNO SPEEDY MICRO-ACTIVA CON ALETTE,Filmop,"Ideale per tutte le superfici lisce con grado di sporco medio. Utilizzato con il telaio per lo spolvero, il lavaggio, la ceratura e la disinfezione di pavimenti lisci interni (hotel, case, uffici, ospedali) con grado di sporco medio-basso.",/images/marbec_products/PANNOSPEEDYMICRO-ACTIVACONALETTE.webp
PANNO STEEL-T,Filmop,"Panno per superfici lucide, acciaio cromato, ceramica. Lucida e rimuove il calcare, sgrassante.",/images/marbec_products/PANNOSTEEL-T.webp
MANICO PROFESSIONALE IN ALLUMINIO TELESCOPICO,Filmop,"Manico professionale in alluminio, allungabile 87-184 cm",/images/marbec_products/MANICOPROFESSIONALEINALLUMINIOTELESCOPICO.webp
LAME DI RICAMBIO 10 PEZZI,Filmop,Lame ricambio per raschietto per la pulizia dei pavimenti,/images/marbec_products/LAMEDIRICAMBIO10PEZZI.webp
KIT BRILLIANT PLUS,Filmop,"Kit per superfici lucide, anche in altezza. Ideale per vetri, specchi, superfici in laminato, acciaio, ante laccate e porte verniciate.",/images/marbec_products/KITBRILLIANTPLUS.webp
KIT DROP,Filmop,"Manico serbatoio capacità 500 ml con piastra in alluminio con profili per sistema a velcro 40 cm, panno bordato in microfibra Skill-Fur e caraffa. Da utilizzare per il lavaggio dei pavimenti negli ambienti domestici e medio-piccoli quali uffici, bar, piccoli negozi, ecc.",/images/marbec_products/KITDROP.webp
PANNO IN MICROFIBRA MICRO-ACTIVA CON ATTACCO A VELCRO,Filmop,"Ideale per tutte le superfici liscie con grado di sporco medio. Utilizzato con tutti gli attrezzi con profili per sistema a velcro per lo spolvero, il lavaggio, la ceratura e la disinfezione di pavimenti lisci interni (hotel, case, uffici, ospedali) con grado di sporco medio-basso.",/images/marbec_products/PANNOINMICROFIBRAMICRO-ACTIVACONATTACCOAVELCRO.webp
MANICO PROFESSIONALE PER LA PULIZIA DEI PAVIMENTI,Marbec,"Manico in alluminio anodizzato leggero e inossidabile, studiato per ridurre l'affaticamento nell'utilizzo professionale e domestico.",/images/marbec_products/MANICOPROFESSIONALEPERLAPULIZIADEIPAVIMENTI.webp
CARRELLO PER LA PULIZIA PROFESSIONALE ONEFRED,Filmop,Carrello utilizzato per il lavaggio pavimenti di grandi ambienti.,/images/marbec_products/CARRELLOPERLAPULIZIAPROFESSIONALEONEFRED.webp
TELAIO PER LA PULIZIA DELLE VETRATE,Filmop,"Attrezzo professionale di larghezza 30 cm per panni con profili per sistema a velcro con bocchettone Lock System,  utilizzato per il lavaggio di superfici verticali (vetri interni, specchi, superfici in acciaio inox, ante laccate, porte verniciate) con il sistema Brilliant.",/images/marbec_products/TELAIOPERLAPULIZIADELLEVETRATE.webp
TELAIO SNODATO PER LA PULIZIA CON SISTEMA A VELCRO,Filmop,"Telaio utilizzabile con frange con sistema a velcro per il lavaggio e la disinfezione di pavimenti, con fibre abrasive per la rimozione di eventuali incrostazioni e con spugna e relativi panni impregnati monouso per la scopatura ad umido.",/images/marbec_products/TELAIOSNODATOPERLAPULIZIACONSISTEMAAVELCRO.webp
CARRELLO SPANDICERA,Filmop,Accessorio professionale consigliato per le imprese del settore per l'applicazione di cere e protettivi,/images/marbec_products/CARRELLOSPANDICERA.webp
UNILAV SIDE GRIP ATTREZZO SPANDICERA,Filmop,"Attrezzo spandicera con flacone da 1lt, piastra Rapido 40cm e ricambio in microfibra Smart-Fur. Ideale per l'inceratura dei pavimenti.",/images/marbec_products/UNILAVSIDEGRIPATTREZZOSPANDICERA.webp
FUGINATOR spazzola per fughe,Filmop,Ideale per la pulizia delle fughe in tutti gli ambienti. Adatta per la pulizia di giunti anche molto stretti. Facilita la rimozione della muffa.,/images/marbec_products/FUGINATORspazzolaperfughe.webp
KIT EASY WASH,Filmop,"Secchio 15 lt completo di strizzino, telaio e ricambio. Indicato per il lavaggio semi-professionale di superfici in piccoli ambienti.",/images/marbec_products/KITEASYWASH.webp
RICAMBIO VELLO SPANDICERA,Filmop,Ricambio vello spandicera 35 cm,/images/marbec_products/RICAMBIOVELLOSPANDICERA.webp
SANI-KAL BIO,Marbec,"Detergente a base di acidi naturali per la pulizia disincrostante di bagni, cucine, rubinetterie, sanitari. Lascia le superfici pulite, lucide e brillanti.",/images/marbec_products/SANI-KALBIO.webp
KIT PULIZIA GRES PORCELLANATO,Marbec,"Il KIT PULIZIA GRES PORCELLANATO è la soluzione ideale per mantenere le vostre superfici in gres porcellanato impeccabili. Questo materiale, sebbene resistente, può presentare macchie se non pulito correttamente. Le patine resinose lasciate dalla posa o dai detergenti inadatti o dal calcare dell'acqua sono tra le cause principali di opacità indesiderate. Il nostro kit è studiato per rimuovere efficacemente queste patine, garantendo una pulizia profonda senza danneggiare la superficie.",/images/marbec_products/KITPULIZIAGRESPORCELLANATO.webp
GRES BRILL,Marbec,"Detersivo concentrato anticalcare per pavimenti in gres porcellanato lucido e materiali ceramici. Pulisce, igienizza e rimuove lo sporco, gli aloni e le patine calcaree dovute all'acqua domestica.",/images/marbec_products/GRESBRILL.webp
DISCO IN NYLON PER MONOSPAZZOLA,Marbec,Disco per monospazzola o macchina lavasciuga ideale per il risciacquo dei pavimenti.,/images/marbec_products/DISCOINNYLONPERMONOSPAZZOLA.webp
DISCO PRELUX,Marbec,"Disco diamantato per monospazzola e pre-lucidatura di pavimenti. Per la pre-lucidatura di superfici opacizzate, usurate, corrose e micro-graffiate in pietra naturale (marmi, travertini, graniti), gres, cemento, graniglia e materiali compositi.",/images/marbec_products/DISCOPRELUX.webp
OLIO RAVVIVANTE,Marbec,"Olio impregnante specifico per il recupero d'infissi e serramenti in legno oliato o verniciato, alluminio verniciato o ferro battuto deteriorati, ingrigiti o sbiancati dal sole. Restaura la superficie ridonando un nuovo aspetto più curato.",/images/marbec_products/OLIORAVVIVANTE.webp
METALUX,Marbec,"Crema che pulisce, sgrassa e lucida le superfici in rame, bronzo, ottone, acciaio, cromo, argento. È facile e sicura nell'utilizzo e non lascia aloni sulle superfici.",/images/marbec_products/METALUX.webp
DETERCLEAN,Marbec,"Detersivo per la pulizia ordinaria e/o straordinaria delle superfici in legno. Pulisce, sgrassa e igienizza senza aggredire i materiali. Non contiene profumi e solventi.",/images/marbec_products/DETERCLEAN.webp
DISCO TYNEX PER MONOSPAZZOLA 432 MM | Super abrasione,Marbec,Disco per monospazzola con una super abrasione ideale per la pulizia dopo-posa di pavimenti in cotto fatto a mano o di superfici molto ruvide.,/images/marbec_products/DISCOTYNEXPERMONOSPAZZOLA432MMSuperabrasione.webp
PULI FUMO,Marbec,"Detergente sgrassatore per la pulizia ordinaria di forni da cucina, barbecue, grill, vetri di caminetti e stufe, pentole e pirofile dai residui carboniosi, sostanze grasse e fuliggine.",/images/marbec_products/PULIFUMO.webp
DISCO IN TAMPICO PER MONOSPAZZOLA,Marbec,Il DISCO IN TAMPICO per monospazzola è impiegato per la lucidatura delle superfici in cotto e legno con l'uso di cere in pasta. Consente di lavorare pezzi molto sagomati e ottenere una particolare finitura semi-lucida.,/images/marbec_products/DISCOINTAMPICOPERMONOSPAZZOLA.webp
SPAZZOLA CON MANICO CORTO BLU,Filmop,SPAZZOLA con manico corto blu FILMOP - Spazzola utilizzata per la pulizia straordinaria delle superficie ruvide e per l'applicazione delle cere in pasta.,/images/marbec_products/SPAZZOLACONMANICOCORTOBLU.webp
PULI ECO,Marbec,"Detersivo sgrassatore multiuso per la pulizia quotidiana di tutte superfici, ideale per quelle a contatto con i cibi: piani cottura, tavoli, frigoriferi, forni a microonde e ripiani.",/images/marbec_products/PULIECO.webp
SHOWER BRILL,Marbec,"Detergente protettivo anticalcare per mantenere le superfici dei bagni pulite e brillanti nel tempo. Rimuove residui di calcare e forma una protezione invisibile che li previene, garantendo una pulizia e protezione duratura ed efficace.",/images/marbec_products/SHOWERBRILL.webp
PULI FUGHE,Marbec,Detersivo intesivo sgrassante per la pulizia di fondo sbiancante delle fughe cementizie o sintetiche di pavimenti e rivestimenti ceramici e materiali lapidei non trattati.,/images/marbec_products/PULIFUGHE.webp
SANI-KAL FORTE,Marbec,"Detergente disincrostante forte per superfici tenacemente incrostate da depositi di calcare, urina, residui di sapone e macchie di ruggine. Lascia le superfici pulite, lucide e brillanti.",/images/marbec_products/SANI-KALFORTE.webp
PULI MUFFE,Marbec,"Detergente per la pulizia di pareti, intonaci, rivestimenti, box doccia. Aiuta la rimozione e la disincrostazione di annerimenti causati da residui organici.",/images/marbec_products/PULIMUFFE.webp
PULI TEX,Marbec,"Detergente per la pulizia e rimozione dello sporco e delle macchie dai tessuti da tappezzeria come divani, tappeti, moquette, tappezzerie auto e eco-pelle.",/images/marbec_products/PULITEX.webp
PULI FORNO,Marbec,"Detergente sgrassatore e disincrostante forte in gel specifico per la pulizia straordinaria di sostanze grasse, croste, residui carboniosi e nerofumo di difficile rimozione da forni, barbecue, pentole e pirofile.",/images/marbec_products/PULIFORNO.webp
NANO GLASS,Marbec,"Prodotto nano-tecnologico per il trattamento antisporco delle superfici in vetro. Rende le superfici in vetro meno sporcabili e facilita la rimozione dello sporco, riducendo e velocizzando gli interventi di pulizia",/images/marbec_products/NANOGLASS.webp
CREAM INOX,Marbec,"Crema che pulisce, sgrassa e lucida le superfici in acciaio inox e alluminio opacizzate, rovinate dall'uso. È facile e sicura nell'utilizzo e non lascia aloni sulle superfici.",/images/marbec_products/CREAMINOX.webp
TAMPONE ROSSO | Leggera Abrasione,Marbec,Spugna leggermente abrasiva specifica per la pulizia straordinaria delle superfici in materiale lapideo e legno.,/images/marbec_products/TAMPONEROSSOLeggeraAbrasione.webp
TAMPONE NERO | Abrasione extra forte,Marbec,"Spugna extra abrasiva per la pulizia di fondo di pavimentazioni dure come cotto, gres, cementi, marmo, granito, linoleum, pvc.",/images/marbec_products/TAMPONENEROAbrasioneextraforte.webp
TAMPONE BLU | Leggera Abrasione,Marbec,Spugna leggermente abrasiva specifica per la pulizia straordinaria delle superfici in materiale lapideo e legno.,/images/marbec_products/TAMPONEBLULeggeraAbrasione.webp
VELLO SPANDICERA SNODATO DA 35 O 40 CM,Filmop,Vello spandicera snodato da 35 o 40 cm,/images/marbec_products/VELLOSPANDICERASNODATODA35O40CM.webp
VETRONET,Marbec,"Detergente per la pulizia ordinaria di vetri, specchi, marmo lucido e rivestimenti ceramici lucidi. Ideale anche per pulire acciaio inossidabile, laminati plastici e superfici smaltate.",/images/marbec_products/VETRONET.webp
TAMPONE BIANCO | Senza abrasivi,Marbec,Spugna senza abrasivi per la pulizia e lucidatura delle superfici delicate.,/images/marbec_products/TAMPONEBIANCOSenzaabrasivi.webp
BEAUTY FLOOR,Marbec,"Cera di manutenzione per pavimenti in legno verniciati lucidi. Protegge, ravviva e conserva nel tempo la superficie ed il trattamento iniziale.",/images/marbec_products/BEAUTYFLOOR.webp
PULIBRILL,Marbec,"Detersivo per pavimenti in legno e parquet specifico per la pulizia ordinaria e straordinaria non aggressiva di tutte le superfici in legno, verniciate o trattate a olio e/o cera o grezze. Mantiene nel tempo la brillantezza del trattamento iniziale.",/images/marbec_products/PULIBRILL.webp
DISCO BIANCO | Senza Abrasivi,Marbec,"Disco per monospazzola o lavasciuga senza abrasivi per la pulizia straordinaria e lucidatura di pavimentazioni dure in materiale delicato come pietra, marmo, legno.",/images/marbec_products/DISCOBIANCOSenzaAbrasivi.webp
DISCO ROSSO | Leggera Abrasione,Marbec,"Disco per monospazzola o lavasciuga con leggera abrasione per la pulizia straordinaria di pavimentazioni dure come cotto, pietra, marmo, cemento, legno.",/images/marbec_products/DISCOROSSOLeggeraAbrasione.webp
DISCO BLU | Leggera Abrasione,Marbec,Disco per monospazzola o lavasciuga con leggera abrasione per la pulizia straordinaria di pavimentazioni in materiale lapideo e legno.,/images/marbec_products/DISCOBLULeggeraAbrasione.webp
DISCO VERDE | Media Abrasione,Marbec,"Disco per monospazzola o lavasciuga con media abrasione per la pulizia straordinaria di pavimentazioni dure come cotto, pietra, cemento, linoleum, pvc, gomma.",/images/marbec_products/DISCOVERDEMediaAbrasione.webp
TAMPONE MARRONE | Forte abrasione,Marbec,Spugna con abrasivi forti per la pulizia disincrostante e decerante forte dei materiali lapidei.,/images/marbec_products/TAMPONEMARRONEForteabrasione.webp
DISCO MARRONE | Forte Abrasione,Marbec,"Disco per monospazzola o lavasciuga con forte abrasione per la pulizia disincrostante o decerante di pavimentazioni dure come cotto, gres, cemento, granito.",/images/marbec_products/DISCOMARRONEForteAbrasione.webp
BIOCARE,Marbec,"Cera di manutenzione e protezione specifica per parquet o legni oliati. Protegge, ravviva e conserva nel tempo la superficie e il trattamento iniziale.",/images/marbec_products/BIOCARE.webp
LIGNOLUX,Marbec,"Cera per la pulizia, protezione e manutenzione di parquet e legni oliati. Pulisce, proteggee, nutre e conserva nel tempo la superficie lignea e il trattamento iniziale.",/images/marbec_products/LIGNOLUX.webp
REFIX LUCIDO,Marbec,"Cera di manutenzione lucida per materiali lapidei assorbenti trattati come cotto, pietra e agglomerati cementizi collocati all’interno.",/images/marbec_products/REFIXLUCIDO.webp
GRES LINDO,Marbec,"Detersivo per pavimenti e superfici in gres porcellanato o materiali ceramici. Pulisce, sgrassa, igienizza e non lascia residui di saponi e tensioattivi. Mantiene le fughe e il pavimento pulito.",/images/marbec_products/GRESLINDO.webp
REFIX MATT,Marbec,"Cera opaca di manutenzione per materiali lapidei assorbenti trattati, come cotto, pietra e agglomerati cementizi collocati all’interno.",/images/marbec_products/REFIXMATT.webp
ECOMARBEC,Marbec,"Detersivo per la pulizia ordinaria e/o straordinaria di tutti i pavimenti. Pulisce, sgrassa e igienizza le superfici e non aggredisce i materiali. Non contiene profumi o solventi.",/images/marbec_products/ECOMARBEC.webp
DETERBRILL,Marbec,"Detersivo pavimenti neutro per la pulizia ordinaria di tutte le superfici cerate in cotto, pietra e agglomerato. Abbina alla funzione pulente il potere sgrassante, ma non aggressivo, verso i materiali. Mantiene nel tempo la brillantezza del trattamento.",/images/marbec_products/DETERBRILL.webp
FLORA,Marbec,Detersivo concentrato neutro per la pulizia ordinaria dei pavimenti in cotto e materiale lapideo trattati a cera e non. Abbina alla funzione pulente l'azione sgrassante ma non aggressiva verso il materiale.,/images/marbec_products/FLORA.webp
UNIPUL,Marbec,"Detersivo concentrato universale per la pulizia straordinaria e/o ordinaria di tutti i tipi di pavimenti e rivestimentI. Pulisce le superfici anche a basse concentrazioni, senza rovinare i materiali anche più delicati.",/images/marbec_products/UNIPUL.webp
RISANA PARQUET,Marbec,Impregnante specifico per il recupero dei pavimenti in legno e parquet verniciato o impregnato a olio deteriorato dal tempo e dal calpestio. Penetra nel legno non più protetto e restaura la superficie donando nuova protezione e colore.,/images/marbec_products/RISANAPARQUET.webp
ROBOGRES,Marbec,"Detersivo concentrato a bassa schiuma per pavimenti in gres porcellanato, ideale per robot lavapavimenti. Pulisce a fondo, asciuga rapidamente senza rovinare materiali ed elettrodomestici.",/images/marbec_products/ROBOGRES.webp
FUGA PROTETTA,Marbec,"Protettivo per il trattamento antimacchia, anti-sporco per le fughe cementizie o sintetiche. Riduce drasticamente l’assorbimento dello sporco, facilitando la pulizia ordinaria.",/images/marbec_products/FUGAPROTETTA.webp
KIT RECUPERA MARMO MANUALE,Marbec,"Questo Kit Fai Da Te è ideale per il rinnovo di piccole superfici (es. piccola piastrella) in marmo e agglomerati cementizi lucidi (graniglie, palladiane, ecc.), che sono stati danneggiati da sostanze acide (corrosioni) od opacizzati dall’uso o da accumulo di calcare o che presentano micrograffi.",/images/marbec_products/KITRECUPERAMARMOMANUALE.webp
KIT RINNOVA MARMO,Marbec,"Questo Kit Fai Da Te è ideale per il rinnovo di marmi e agglomerati cementizi lucidi (graniglie, palladiane, ecc.), che sono stati lievemente danneggiati da sostanze acide (corrosioni) od opacizzati dall’uso o da accumulo di calcare o che presentano micrograffi superficiali.",/images/marbec_products/KITRINNOVAMARMO.webp
KIT RECUPERA MARMO,Marbec,"Questo Kit Fai Da Te è ideale per il recupero e la rilucidatura di marmi e agglomerati cementizi lucidi (graniglie, palladiane, ecc.), che sono stati fortemente danneggiati da sostanze acide (corrosioni), opacizzati dall’uso o da accumulo di calcare o che presentano graffi.",/images/marbec_products/KITRECUPERAMARMO.webp
MARMOLUX,Marbec,"Crema cerosa protettiva e rilucidante per superfici in marmo, graniglia, palladiana, agglomerato cementizio e sintetico lucido collocati all’interno.",/images/marbec_products/MARMOLUX.webp
KIT PIETRA NERA,Marbec,"Prodotti specifici per il recupero di pietra nera sbiancata ed alonata a causa di sostanze acide, degrado del tempo ed agenti atmosferici",/images/marbec_products/KITPIETRANERA.webp
KIT DI MANUTENZIONE COTTO E PIETRA INTERNI CERATI LUCIDI,Marbec,"Il KIT DI MANUTENZIONE COTTO E PIETRA INTERNI CERATI LUCIDA è la soluzione ideale per mantenere le superfici in cotto, pietra e agglomerati cementizi con finitura cerosa lucida sempre perfette. Questo kit completo offre tutto ciò che serve per una pulizia e manutenzione efficaci, prolungando la bellezza e la protezione delle superfici interne.",/images/marbec_products/KITDIMANUTENZIONECOTTOEPIETRAINTERNICERATILUCIDI.webp
OLIO ZERO ARREDO,Marbec,"Olio impregnante trasparente per arredi, porte e travi in legno collocati all’interno, con effetto ultra naturale. Resistente alle macchie e all'usura. Non ingiallisce nel tempo.",/images/marbec_products/OLIOZEROARREDO.webp
PULIGRAFF LIQUIDO,Marbec,"Smacchiatore sverniciatore specifico per rimuovere graffiti, lacche, smalti sintetici e vernici in genere sui materiali lapidei, legno, vetro, metalli e plastica.",/images/marbec_products/PULIGRAFFLIQUIDO.webp
LIGNOLIFE OPACO,Marbec,Finitore per il rinnovo dei parquet verniciati opachi. Conferisce alla superficie un nuovo tono e una finitura opaca naturale resistente ai lavaggi e al calpestio.,/images/marbec_products/LIGNOLIFEOPACO.webp
TON PLUS,Marbec,"Protettivo per il trattamento idrorepellente, antimacchia con effetto bagnato dei materiali lapidei assorbenti. Non crea film, è traspirante e non altera l’aspetto del materiale.",/images/marbec_products/TONPLUS.webp
OILTONER ROSSO,Marbec,"Pigmento oleo-solubile per i prodotti ONIX, PALLADIUM, TUSCANIA-OIL, ULTRATON, TIROIL, OLIO 41 , OLIO TECNO, CAREZZA PLUS, ROYAL WAX, OIL-WET.",/images/marbec_products/OILTONERROSSO.webp
OILTONER GIALLO,Marbec,"Pigmento oleo-solubile per i prodotti ONIX, PALLADIUM, TUSCANIA-OIL, ULTRATON, TIROIL, OLIO 41 , OLIO TECNO, CAREZZA PLUS, ROYAL WAX, OIL-WET.",/images/marbec_products/OILTONERGIALLO.webp
OILTONER NOCE,Marbec,"Pigmento oleo-solubile per i prodotti ONIX, PALLADIUM, TUSCANIA-OIL, ULTRATON, TIROIL, OLIO 41 , OLIO TECNO, CAREZZA PLUS, ROYAL WAX, OIL-WET.",/images/marbec_products/OILTONERNOCE.webp
OILTONER CASTAGNO,Marbec,"Pigmento oleo-solubile per i prodotti ONIX, PALLADIUM, TUSCANIA-OIL, ULTRATON, TIROIL, OLIO 41 , OLIO TECNO, CAREZZA PLUS, ROYAL WAX, OIL-WET.",/images/marbec_products/OILTONERCASTAGNO.webp
OILTONER NERO,Marbec,"Pigmento oleo-solubile per i prodotti ONIX, PALLADIUM, TUSCANIA-OIL, ULTRATON, TIROIL, OLIO 41 , OLIO TECNO, CAREZZA PLUS, ROYAL WAX, OIL-WET.",/images/marbec_products/OILTONERNERO.webp
LITOFLON,Marbec,"Protettivo idrorepellente e antimacchia per pietre naturali non lucidate, cemento e micro-cemento. Resiste all'alcalinità del cemento senza degradarsi nel tempo.",/images/marbec_products/LITOFLON.webp
FONDO COLARIN2,Marbec,Fondo per il trattamento ad effetto grigio delle superfici in legno grezzo.,/images/marbec_products/FONDOCOLARIN2.webp
FONDO BIANCO40,Marbec,Fondo pigmentato bianco a base di ossido di titanio e inibitori del tannino per il trattamento delle superfici in legno grezzo.,/images/marbec_products/FONDOBIANCO40.webp
IDROTONER NOCE GR250,Marbec,Pigmento noce per i prodotti in base acqua della linea MARBEC.,/images/marbec_products/IDROTONERNOCEGR250.webp
IDROTONER GIALLO GR250,Marbec,Pigmento giallo per i prodotti in base acqua della linea MARBEC.,/images/marbec_products/IDROTONERGIALLOGR250.webp
IDROTONER ROSSO GR250,Marbec,Pigmento rosso per i prodotti in base acqua della linea MARBEC.,/images/marbec_products/IDROTONERROSSOGR250.webp
IDROTONER CASTAGNO GR250,Marbec,Pigmento castagno per i prodotti in base acqua della linea MARBEC.,/images/marbec_products/IDROTONERCASTAGNOGR250.webp
HYDROIL INTERNO,Marbec,"Impregnante oleo-ceroso in base acqua a rapida essiccazione per la protezione ed il trattamento di pavimenti, rivestimenti, mobili ed arredi in legno, collocati all'interno. Resistente alle macchie, allo sporco e all'usura da calpestio.",/images/marbec_products/HYDROILINTERNO.webp
BIOCARE OPACO,Marbec,"Cera di manutenzione e protezione specifica per parquet o legni oliati. Protegge, ravviva e conserva nel tempo la superficie e il trattamento iniziale.",/images/marbec_products/BIOCAREOPACO.webp
OLIO ZERO,Marbec,"Olio impregnante trasparente per pavimenti in legno collocati all’interno, con effetto ultra naturale. Resistente alle macchie e al calpestio. Non ingiallisce nel tempo.",/images/marbec_products/OLIOZERO.webp
BIOTOP OPACO,Marbec,Cera di finitura e protezione specifica per legni oliati. Protegge e conserva nel tempo la superficie e il trattamento iniziale.,/images/marbec_products/BIOTOPOPACO.webp
LIGNOLIFE,Marbec,"Finitore per il rinnovo dei parquet verniciati lucidi. Conferisce alla superficie un nuovo tono, una finitura lucida, lucentezza e resistenza ai lavaggi e al calpestio.",/images/marbec_products/LIGNOLIFE.webp
SMACCHIO LIQUIDO,Marbec,"Smacchiatore per la  rimozione di macchie di origine organica colorate di: caffè, vino, frutta, sangue, urina, tannino, cartone, fiori, foglie, alghe e muffe dai pavimenti sporchi in materiale lapideo e in legno.",/images/marbec_products/SMACCHIOLIQUIDO.webp
ANTISPORCO,Marbec,"Protettivo per il trattamento antimacchia del gres porcellanato. Riduce drasticamente l’assorbimento dello sporco, facilitando e velocizzando la pulizia ordinaria.",/images/marbec_products/ANTISPORCO.webp
OIL WET,Marbec,"Protettivo impregnante concentrato per materiali lapidei ad un marcato effetto bagnato, duraturo nel tempo, resistente alle sostanze macchianti, agli agenti atmosferici ed ai raggi UV. Per interno ed esterno.",/images/marbec_products/OILWET.webp
BARRIER,Marbec,Cera di finitura per legno esterno. Protegge dai raggi U.V. e dagli agenti atmosferici e aumenta la resistenza idrorepellente ed antimacchia dei materiali trattati impregnanti a olio e non.,/images/marbec_products/BARRIER.webp
WET OUT,Marbec,Impregnante oleo-ceroso per il trattamento effetto bagnato di superfici in cotto e materiali lapidei assorbenti collocati all'esterno. Protegge e risalta le caratteristiche del materiale senza creare film superficiali.,/images/marbec_products/WETOUT.webp
RE-BLOCK,Marbec,"Protettivo consolidante per pietre, terrecotte e intonaci collocati sia in interno che in esterno. Penetra nel materiale decoeso consolidandolo e aumentando la resistenza meccanica.",/images/marbec_products/RE-BLOCK.webp
ANTISTAIN,Marbec,"Protettivo antimacchia universale per cotto, klinker, pietra, marmi, graniti, ceramica e agglomerati cementizi collocati in interno ed esterno. Non altera l’aspetto del materiale.",/images/marbec_products/ANTISTAIN.webp
TRAVE-L,Marbec,"Cera fluida per travi, soffitti, solai e rivestimenti in legno interni non calpestabili. Forma una finitura setosa non appiccicosa, con ottima resistenza all'invecchiamento e allo sporco.",/images/marbec_products/TRAVE-L.webp
OLIO TECNO,Marbec,Impregnante a rapida essiccazione per pavimenti in legno interno. Ideale per il trattamento impregnante naturale o a effetto pigmentato e per il ripristino di superfici impregnate a olio. Di facile applicazione anche nelle stagioni umide.,/images/marbec_products/OLIOTECNO.webp
TIROIL,Marbec,"Impregnante oleo-ceroso per pavimenti, rivestimenti, porte e arredi in legno interni. Dona all'essenza lignea un aspetto setoso cerato. Di facile applicazione, conservazione e manutenzione nel tempo.",/images/marbec_products/TIROIL.webp
DECO2,Marbec,Decapante bi-componente per la decolorazione delle superfici lignee grezze. Stabile nell'applicazione e di facile utilizzo.,/images/marbec_products/DECO2.webp
BIOTOP,Marbec,Cera di finitura e protezione specifica per legni oliati. Protegge e conserva nel tempo la superficie e il trattamento iniziale.,/images/marbec_products/BIOTOP.webp
OX FIVE PLUS,Marbec,"Fondo invecchiante forte specifico per larice, olmo, rovere e castagno grezzi e non trattati. Compatibile con le successive finiture a vernice, a cera e a olio.",/images/marbec_products/OXFIVEPLUS.webp
OX FIVE,Marbec,"Fondo invecchiante specifico per rovere e castagno ricchi di tannino. Compatibile con le successive finiture a vernice, a cera e a olio.",/images/marbec_products/OXFIVE.webp
AGRUMOIL,Marbec,Diluente sgrassante specifico per la pulizia straordinaria delle superfici lignee trattate a olio o grezze. Sgrassa e rimuove le macchie di olio e resine e non lascia né aloni né macchie sul legno.,/images/marbec_products/AGRUMOIL.webp
DILUOIL,Marbec,"Diluente per gli impregnanti oleo-cerosi Marbec: TIROIL, TUSCANIA OIL, OLIO41, FLUOIL, OLIO TECNO, OIL WET.",/images/marbec_products/DILUOIL.webp
SOLVOSILL,Marbec,"Smacchiatore per togliere macchie di olio, di cera di candela, silicone, colle e vernici dalle superfici in materiale lapideo e legno grezzo.",/images/marbec_products/SOLVOSILL.webp
IDROTONER BIANCO GR250,Marbec,Pigmento bianco per i prodotti in base acqua della linea MARBEC.,/images/marbec_products/IDROTONERBIANCOGR250.webp
OILTONER BIANCO,Marbec,"Pigmento oleo-solubile per i prodotti ONIX, PALLADIUM, TUSCANIA-OIL, ULTRATON, TIROIL, OLIO 41 , OLIO TECNO, CAREZZA PLUS, ROYAL WAX, OIL-WET.",/images/marbec_products/OILTONERBIANCO.webp
ROYAL WAX,Marbec,Cera protettiva in pasta per la finitura cerosa dei pavimenti e rivestimenti in cotto fatto a mano collocati in interno. Esalta le caratteristiche estetiche del cotto fatto a mano e lo rende più facile da pulire.,/images/marbec_products/ROYALWAX.webp
ONIX,Marbec,Cera protettiva in crema fluida per la finitura setosa specifica di pietre assorbenti lavorate e materiali lapidei a superficie ruvida interni.,/images/marbec_products/ONIX.webp
KW-SPECIAL,Marbec,"Polvere lucidante per granito, gres porcellanato e materiali ceramici lucidi. Ridona lucentezza alle superfici corrose ed usurate, senza creare film. Inoltre, mantiene il naturale aspetto del materiale.",/images/marbec_products/KW-SPECIAL.webp
KW-P,Marbec,"Polvere cristallizzante per marmo chiaro, travertino, botticino e pietre calcaree pure. Ridona lucentezza alle superfici corrose ed usurate, senza creare film. Inoltre, mantiene il naturale aspetto del materiale.",/images/marbec_products/KW-P.webp
KW-STAR,Marbec,"Polvere lucidante per marmo, graniglie e agglomerati cementizi. Ridona lucentezza alle superfici corrose ed usurate, senza creare film. Inoltre, mantiene il naturale aspetto del materiale.",/images/marbec_products/KW-STAR.webp
PRIMAMANO NEUTRA,Marbec,"Primer di fondo per il trattamento di superfici in cotto, pietra e materiali lapidei assorbenti collocate all’interno. Ha ottime capacità di aggancio sui protettivi idrorepellenti e sulle finiture, non altera il naturale aspetto del materiale e riduce lo spolverio.",/images/marbec_products/PRIMAMANONEUTRA.webp
PRIMAMANO RAVVIVANTE,Marbec,"Primer di fondo per il trattamento di superfici in cotto, pietra e materiali lapidei assorbenti collocate all’interno. Ha ottime capacità di aggancio sui protettivi idrorepellenti e sulle finiture, esalta il colore senza alterare il naturale aspetto del materiale.",/images/marbec_products/PRIMAMANORAVVIVANTE.webp
IDROFIN LUCIDO,Marbec,"Cera di finitura lucida specifica per il completamento dei trattamenti di cotto, pietra e agglomerati cementizi collocati all’interno. Protegge nel tempo il trattamento di fondo del materiale e le sue caratteristiche estetiche iniziali.",/images/marbec_products/IDROFINLUCIDO.webp
IDROFIN MATT,Marbec,"Cera di finitura opaca specifica per il completamento dei trattamenti di  cotto, pietra e agglomerati cementizi collocati all’interno. Protegge nel tempo il trattamento di fondo del materiale e le sue caratteristiche estetiche iniziali.",/images/marbec_products/IDROFINMATT.webp
POLIFIN,Marbec,"Cera metallizzata lucida e autolucidante per pietre, marmo, cotto e materiali lapidei. Ha ottima capacità protettiva e resistenza al calpestio e conferisce una finitura molto brillante.",/images/marbec_products/POLIFIN.webp
KW-L,Marbec,"Cristallizzante liquido per la lucidatura periodica di superfici in marmo, travertino, pietre calcaree e agglomerati cementizi. Rinnova e conserva nel tempo la brillantezza del materiale.",/images/marbec_products/KW-L.webp
EXCEL PLUS,Marbec,"Protettivo professionale per il trattamento antimacchia dei materiali lapidei assorbenti. Non crea film, è traspirante e non altera l’aspetto del materiale.",/images/marbec_products/EXCELPLUS.webp
GUARD,Marbec,"Protettivo antimacchia traspirante per marmi, graniti, agglomerati cementizi levigati e lucidi interni ed esterni. Non altera l’aspetto del materiale.",/images/marbec_products/GUARD.webp
ACQUABLOCK,Marbec,"Protettivo anti-infiltrazioni per pavimenti e rivestimenti in materiale lapideo. Riduce drasticamente la capacità d'assorbimento dell'acqua, elimina le infiltrazioni e aggrega i materiali. Non altera l’aspetto delle superfici.",/images/marbec_products/ACQUABLOCK.webp
SILIDUR,Marbec,"Protettivo silicato indurente antispolvero per superfici in cemento, agglomerato cementizio e pietre calcaree nuove o già in uso, collocate all’interno e all’esterno.",/images/marbec_products/SILIDUR.webp
BRIGHTSTONE,Marbec,"Protettivo antimacchia per il trattamento effetto bagnato specifico per superfici in marmo, granito, pietre, cemento e graniglia a basso assorbimento.",/images/marbec_products/BRIGHTSTONE.webp
ULTRATON,Marbec,Protettivo antimacchia per il trattamento effetto tonalizzato specifico per superfici in pietra a medio-alto assorbimento.,/images/marbec_products/ULTRATON.webp
TUSCANIA OIL,Marbec,Impregnante oleo-ceroso per il trattamento effetto bagnato di superfici in cotto e materiali lapidei assorbenti collocati all'interno. Protegge e risalta le caratteristiche del materiale senza creare film superficiali.,/images/marbec_products/TUSCANIAOIL.webp
PALLADIUM,Marbec,Impregnante oleo-ceroso per il trattamento effetto tonalizzato di superfici in cotto e materiali lapidei assorbenti collocati all'interno. Protegge e risalta le caratteristiche del materiale senza creare film superficiali.,/images/marbec_products/PALLADIUM.webp
LUXOR,Marbec,"Cera di finitura e manutenzione a bassa filmazione specifica per pietre e materiali lapidei lucidi e compatti. Non sbianca né ingiallisce nel tempo, non altera l'aspetto del materiale, protegge e facilita la manutenzione ordinaria.",/images/marbec_products/LUXOR.webp
BRIGHTSTONE NERO,Marbec,"Protettivo impregnante antimacchia nero, specifico per il recupero del colore di materiali lapidei neri, come ardesia nera, pietre, basalto, granito, marmo, agglomerati cementizi corrosi e sbiancati.",/images/marbec_products/BRIGHTSTONENERO.webp
TIXO,Marbec,"Smacchiatore specifico per togliere macchie di olio e grasso alimentare dalle superfici in materiale lapideo, come cotto, pietra e cemento.",/images/marbec_products/TIXO.webp
DESOLF4,Marbec,Smacchiatore concentrato in polvere per materiali lapidei. Rimuove macchie scure e croste nere dovute ai vasi e all'umidità di risalita persistente. Elmina anche macchie dovute all'ossidazione delle leghe di rame.,/images/marbec_products/DESOLF4.webp
MICRONET,Marbec,"Detersivo concentrato specifico per la rimozione dello sporco ostinato da calpestio dai materiali lapidei microporosi, pietre, travertini, gres porcellanato e ceramica.",/images/marbec_products/MICRONET.webp
POWER DET,Marbec,"Detersivo disincrostante smacchiante specifico per i tutti di pavimenti in gres porcellanato. Rimuove aloni, macchie, sporco ostinato e di cantiere , riportando il gres porcellanato uniforme e al suo aspetto originale.",/images/marbec_products/POWERDET.webp
IDROWIP,Marbec,"Protettivo idrorepellente per cotto, pietra assorbente, intonaci, cemento e agglomerati cementizi interni ed esterni. Aumenta sensibilmente l’isolamento termico delle pareti, riducendo la dispersione termica, lasciando comunque inalterato l’aspetto del materiale.",/images/marbec_products/IDROWIP.webp
SILOX 6,Marbec,"Protettivo anti-umidità di risalita, traspirante per materiali lapidei: cotto, pietra, marmi, graniti, intonaci, cemento e agglomerati cementizi collocati in interno ed esterno. Non altera l’aspetto del materiale.",/images/marbec_products/SILOX6.webp
TON25,Marbec,"Protettivo per il trattamento idrorepellente, antimacchia con effetto tonalizzante dei materiali lapidei assorbenti. Non crea film, è traspirante e non altera l’aspetto del materiale.",/images/marbec_products/TON25.webp
ACTIV3,Marbec,"Protettivo per il trattamento idrorepellente e antimacchia dei materiali lapidei poco assorbenti. Non crea film, è traspirante e non altera l’aspetto del materiale.",/images/marbec_products/ACTIV3.webp
GRIPPER,Marbec,"Prodotto specifico per il trattamento antiscivolo delle superfici in gres porcellanato, ceramica , granito e materiali contenti silicati. Crea sul materiale una microcorrosione che aumenta la microporosità del materiale riducendo drasticamente la scivolosità della superficie.",/images/marbec_products/GRIPPER.webp
PULITORE FC,Marbec,"Pulitore concentrato in gel per la pulizia di facciate e superfici verticali da inquinamento atmosferico, nerofumo e incrostazioni biologiche. Ridona alle superfici un nuovo aspetto pulito e disinquinato.",/images/marbec_products/PULITOREFC.webp
STRIP RESIL,Marbec,"Detersivo decerante concentrato per la pulizia profonda e non aggressiva dei pavimenti resilienti come il linoleum, gomma e pvc. Pulisce e rimuove le cere metallizzate senza rovinare i materiali.",/images/marbec_products/STRIPRESIL.webp
METAL-STRIP,Marbec,"Detersivo decerante rapido per rimuovere vecchi strati di cera metallizzata o polimeri vari. Non contiene soda caustica. Poco schiumoso, inodore.",/images/marbec_products/METAL-STRIP.webp
ACIDO HP,Marbec4,"Detersivo acido tamponato specifico per granito, scisto, quarzite, beola, porfido e pietre contenenti minerali ferrosi. Rimuove boiacche cementizie, efflorescenze, incrostazioni calcaree. Inoltre, elimina le macchie di ruggine, inibendone la formazione.",/images/marbec_products/ACIDOHP.webp
VIACEM,Marbec,"Detergente acido tamponato forte. Specifico per rimuovere boiacche cementizie, efflorescenze ed incrostazioni calcaree su cotto e terracotta.",/images/marbec_products/VIACEM.webp
SOLVALL,Marbec,Pulitore sfilmante a lenta evaporazione specifico per rimuovere resine e vernici dai materiali lapidei. Non lascia odori sgradevoli negli ambienti.,/images/marbec_products/SOLVALL.webp
NOEPOX,Marbec,"Pulitore addensato specifico per la rimozione di boiacche epossidiche dai materiali di difficile rimozione come gres porcellanato, ceramiche, graniti e quarziti e materiali lapidei in genere.",/images/marbec_products/NOEPOX.webp
REFLEX,Marbec,Protettivo che conferisce alla superficie del gommone trattato maggior idrorepellenza e protezione anti-sporco e ne facilita la pulizia.,/images/marbec_products/REFLEX.webp
DELUXE TEAK,Marbec,"Detergente per la pulizia straordinaria del teak in ambiente marino. Rimuove patine d’invecchiamento, incrostazioni biologiche di origine marina e salsedine, senza dover carteggiare. Rinnova la superficie in legno.",/images/marbec_products/DELUXETEAK.webp
VELA BIANCA,Marbec,"Detergente specifico per pulire le vele in nylon, kevlar, acricili, dacron ed altri materiali velici. Elimina rapidamente muffe, smog salsedine, escrementi ecc. riportandole al colore e alla brillantezza originaria, senza danneggiare i tessuti.",/images/marbec_products/VELABIANCA.webp
REAL GLASS,Marbec,"Detergente per la pulizia ordinaria di vetri, specchi, plexiglass, marmo lucido e rivestimenti ceramici, acciaio inossidabile, laminati plastici e superfici smaltate in ambiente marino.",/images/marbec_products/REALGLASS.webp
KING TEAK,Marbec,Protettivo ed impregnante oleo ceroso ravvivante specifico per legno esposto in ambiente marino.,/images/marbec_products/KINGTEAK.webp
LUXORY METAL,Marbec,"Crema lucidante per superfici in acciaio inox in ambienti marino. Perfetta per bitte, corrimano, manopole, ecc. Elimina la ruggine e ridona brillantezza.",/images/marbec_products/LUXORYMETAL.webp
SPEED90,Marbec,"Detergente nautico specifico per la disincrostazione e la rimozione delle patine di ruggine da superfici in gelcoat, acciaio inox e superfici cromate.",/images/marbec_products/SPEED90.webp
POWERFUL,Marbec,"Detergente nautico sgrassante forte per la pulizia e la rimozione dello sporco lubrificante. Ideale per la pulizia delle sentine, motori, coperte, scafi, parabordi, ecc.",/images/marbec_products/POWERFUL.webp
UNIVERSAL,Marbec,"Detergente nautico disincrostante che rimuove consistenti residui di calcare, salsedine, aloni di ruggine ed escrementi di uccelli. Lascia le superfici brillanti.",/images/marbec_products/UNIVERSAL.webp
DIAMOND BOAT,Marbec,"Detergente nautico sgrassante per la pulizia di gelcoat, gommoni, plastiche, skai, parabordi, pvc, alluminio e altri metalli.",/images/marbec_products/DIAMONDBOAT.webp
