Marca,name,Descrizione,image_url
Oikos,ULTRASATEN SATINATO BIANCO - SMALTO MURALE ACRILICO AD ALTISSIMA COPERTURA E BASSO SPESSORE - 10 LITRI - OIKOS,"ULTRASATEN è uno smalto murale acrilico a basso impatto ambientale ad effetto satinato, lucido o opaco , autodilatante, antigraffio, resistente alle abrasioni, a basso assorbimento.",/images/oikos_products/ULTRASATENSATINATOBIANCO-SMALTOMURALEACRILICOADALTISSIMACOPERTURAEBASSOSPESSORE-10LITRI-OIKOS.webp
Oikos,ULTRASATEN SATINATO BIANCO - SMALTO MURALE ACRILICO AD ALTISSIMA COPERTURA E BASSO SPESSORE - 4 LITRI - OIKOS,"ULTRASATEN è uno smalto murale acrilico a basso impatto ambientale ad effetto satinato, lucido o opaco , autodilatante, antigraffio, resistente alle abrasioni, a basso assorbimento.",/images/oikos_products/ULTRASATENSATINATOBIANCO-SMALTOMURALEACRILICOADALTISSIMACOPERTURAEBASSOSPESSORE-4LITRI-OIKOS.webp
Oikos,ULTRASATEN SATINATO BIANCO - SMALTO MURALE ACRILICO AD ALTISSIMA COPERTURA E BASSO SPESSORE - 1 LITRO - OIKOS,"ULTRASATEN è uno smalto murale acrilico a basso impatto ambientale ad effetto satinato, lucido o opaco , autodilatante, antigraffio, resistente alle abrasioni, a basso assorbimento.",/images/oikos_products/ULTRASATENSATINATOBIANCO-SMALTOMURALEACRILICOADALTISSIMACOPERTURAEBASSOSPESSORE-1LITRO-OIKOS.webp
Oikos,ULTRASATEN OPACO BIANCO - SMALTO MURALE ACRILICO AD ALTISSIMA COPERTURA E BASSO SPESSORE - 4 LITRI - OIKOS,"ULTRASATEN è uno smalto murale acrilico a basso impatto ambientale ad effetto satinato, lucido o opaco , autodilatante, antigraffio, resistente alle abrasioni, a basso assorbimento.",/images/oikos_products/ULTRASATENOPACOBIANCO-SMALTOMURALEACRILICOADALTISSIMACOPERTURAEBASSOSPESSORE-4LITRI-OIKOS.webp
Oikos,ULTRASATEN OPACO BIANCO - SMALTO MURALE ACRILICO AD ALTISSIMA COPERTURA E BASSO SPESSORE - 1 LITRO - OIKOS,"ULTRASATEN è uno smalto murale acrilico a basso impatto ambientale ad effetto satinato, lucido o opaco , autodilatante, antigraffio, resistente alle abrasioni, a basso assorbimento.",/images/oikos_products/ULTRASATENOPACOBIANCO-SMALTOMURALEACRILICOADALTISSIMACOPERTURAEBASSOSPESSORE-1LITRO-OIKOS.webp
Oikos,ULTRASATEN OPACO BIANCO - SMALTO MURALE ACRILICO AD ALTISSIMA COPERTURA E BASSO SPESSORE - 10 LITRI - OIKOS,"ULTRASATEN è uno smalto murale acrilico a basso impatto ambientale ad effetto satinato, lucido o opaco , autodilatante, antigraffio, resistente alle abrasioni, a basso assorbimento.",/images/oikos_products/ULTRASATENOPACOBIANCO-SMALTOMURALEACRILICOADALTISSIMACOPERTURAEBASSOSPESSORE-10LITRI-OIKOS.webp
Oikos,ULTRASATEN LUCIDO BIANCO - SMALTO MURALE ACRILICO AD ALTISSIMA COPERTURA E BASSO SPESSORE - 4 LITRI - OIKOS,"ULTRASATEN è uno smalto murale acrilico a basso impatto ambientale ad effetto satinato, lucido o opaco , autodilatante, antigraffio, resistente alle abrasioni, a basso assorbimento.",/images/oikos_products/ULTRASATENLUCIDOBIANCO-SMALTOMURALEACRILICOADALTISSIMACOPERTURAEBASSOSPESSORE-4LITRI-OIKOS.webp
Oikos,ULTRASATEN LUCIDO BIANCO - SMALTO MURALE ACRILICO AD ALTISSIMA COPERTURA E BASSO SPESSORE - 1 LITRO - OIKOS,"ULTRASATEN è uno smalto murale acrilico a basso impatto ambientale ad effetto satinato, lucido o opaco , autodilatante, antigraffio, resistente alle abrasioni, a basso assorbimento.",/images/oikos_products/ULTRASATENLUCIDOBIANCO-SMALTOMURALEACRILICOADALTISSIMACOPERTURAEBASSOSPESSORE-1LITRO-OIKOS.webp
Oikos,ULTRASATEN LUCIDO BIANCO - SMALTO MURALE ACRILICO AD ALTISSIMA COPERTURA E BASSO SPESSORE - 10 LITRI - OIKOS,"ULTRASATEN è uno smalto murale acrilico a basso impatto ambientale ad effetto satinato, lucido o opaco , autodilatante, antigraffio, resistente alle abrasioni, a basso assorbimento.",/images/oikos_products/ULTRASATENLUCIDOBIANCO-SMALTOMURALEACRILICOADALTISSIMACOPERTURAEBASSOSPESSORE-10LITRI-OIKOS.webp
Oikos,KREOS - INTONACO DECORATIVO BIANCO PER INTERNI A SPESSORE TRASPIRANTE E COLORABILE IDEALE PER SALONI E CAMERE - 4 LITRI - OIKOS,"KREOS è un intonaco ecologico acrilico per interni. L’originale dal 2001, con l'innovazione di riprodurre a parete tessuti, texture offrendo alla superficie un carattere distintivo, che in aggiunta di altri prodotti in base all’angolo della luce riflessa, crea effetti eleganti ed esclusivi .",/images/oikos_products/KREOS-INTONACODECORATIVOBIANCOPERINTERNIASPESSORETRASPIRANTEECOLORABILEIDEALEPERSALONIECAMERE-4LITRI-OIKOS.webp
Oikos,KREOS - INTONACO DECORATIVO BIANCO PER INTERNI A SPESSORE TRASPIRANTE E COLORABILE IDEALE PER SALONI E CAMERE - 1 LITRO - OIKOS,"KREOS è un intonaco ecologico acrilico per interni. L’originale dal 2001, con l'innovazione di riprodurre a parete tessuti, texture offrendo alla superficie un carattere distintivo, che in aggiunta di altri prodotti in base all’angolo della luce riflessa, crea effetti eleganti ed esclusivi .",/images/oikos_products/KREOS-INTONACODECORATIVOBIANCOPERINTERNIASPESSORETRASPIRANTEECOLORABILEIDEALEPERSALONIECAMERE-1LITRO-OIKOS.webp
Oikos,KREOS - INTONACO DECORATIVO BIANCO PER INTERNI A SPESSORE TRASPIRANTE E COLORABILE IDEALE PER SALONI E CAMERE - 10 LITRI - OIKOS,"KREOS è un intonaco ecologico acrilico per interni. L’originale dal 2001, con l'innovazione di riprodurre a parete tessuti, texture offrendo alla superficie un carattere distintivo, che in aggiunta di altri prodotti in base all’angolo della luce riflessa, crea effetti eleganti ed esclusivi .",/images/oikos_products/KREOS-INTONACODECORATIVOBIANCOPERINTERNIASPESSORETRASPIRANTEECOLORABILEIDEALEPERSALONIECAMERE-10LITRI-OIKOS.webp
Oikos,NEOFIX - FISSATIVO ACRILICO TRASPARENTE PER INTERNI - ISOLANTE ALL'ACQUA PER PARETI TROPPO ASSORBENTI - 4 LITRI - OIKOS,"NEOFIX è un fissativo acrilico trasparente per interni . La sua formulazione a base di resine acriliche particolari a particelle estremamente fini, rende il prodotto altamente penetrante (fino a 5 mm).",/images/oikos_products/NEOFIX-FISSATIVOACRILICOTRASPARENTEPERINTERNI-ISOLANTEALLACQUAPERPARETITROPPOASSORBENTI-4LITRI-OIKOS.webp
Oikos,NEOFIX - FISSATIVO ACRILICO TRASPARENTE PER INTERNI - ISOLANTE ALL'ACQUA PER PARETI TROPPO ASSORBENTI - 1 LITRO - OIKOS,"NEOFIX è un fissativo acrilico trasparente per interni . La sua formulazione a base di resine acriliche particolari a particelle estremamente fini, rende il prodotto altamente penetrante (fino a 5 mm).",/images/oikos_products/NEOFIX-FISSATIVOACRILICOTRASPARENTEPERINTERNI-ISOLANTEALLACQUAPERPARETITROPPOASSORBENTI-1LITRO-OIKOS.webp
Oikos,NEOFIX - FISSATIVO ACRILICO TRASPARENTE PER INTERNI - ISOLANTE ALL'ACQUA PER PARETI TROPPO ASSORBENTI - 10 LITRI - OIKOS,"NEOFIX è un fissativo acrilico trasparente per interni . La sua formulazione a base di resine acriliche particolari a particelle estremamente fini, rende il prodotto altamente penetrante (fino a 5 mm).",/images/oikos_products/NEOFIX-FISSATIVOACRILICOTRASPARENTEPERINTERNI-ISOLANTEALLACQUAPERPARETITROPPOASSORBENTI-10LITRI-OIKOS.webp
Oikos,MICOTRAL - PITTURA BIANCA ECOLOGICA ANTICONDENSA IGIENIZZANTE LAVABILE E TRASPIRANTE PER INTERNI - 4 LITRI - OIKOS,"MICOTRAL è una pittura ecologica anticondensa igienizzante, lavabile e traspirante con microsfere in vetro cavo che fungono da isolante sulla parete, in grado di ridurre lo sbalzo termico “caldo interno verso freddo esterno” proteggendola dallo sviluppo di muffe e batteri .",/images/oikos_products/MICOTRAL-PITTURABIANCAECOLOGICAANTICONDENSAIGIENIZZANTELAVABILEETRASPIRANTEPERINTERNI-4LITRI-OIKOS.webp
Oikos,MICOTRAL - PITTURA BIANCA ECOLOGICA ANTICONDENSA IGIENIZZANTE LAVABILE E TRASPIRANTE PER INTERNI - 10 LITRI - OIKOS,"MICOTRAL è una pittura ecologica anticondensa igienizzante, lavabile e traspirante con microsfere in vetro cavo che fungono da isolante sulla parete, in grado di ridurre lo sbalzo termico “caldo interno verso freddo esterno” proteggendola dallo sviluppo di muffe e batteri .",/images/oikos_products/MICOTRAL-PITTURABIANCAECOLOGICAANTICONDENSAIGIENIZZANTELAVABILEETRASPIRANTEPERINTERNI-10LITRI-OIKOS.webp
Oikos,MICOTRAL - PITTURA BIANCA ECOLOGICA ANTICONDENSA IGIENIZZANTE LAVABILE E TRASPIRANTE PER INTERNI - 1 LITRO - OIKOS,"MICOTRAL è una pittura ecologica anticondensa igienizzante, lavabile e traspirante con microsfere in vetro cavo che fungono da isolante sulla parete, in grado di ridurre lo sbalzo termico “caldo interno verso freddo esterno” proteggendola dallo sviluppo di muffe e batteri .",/images/oikos_products/MICOTRAL-PITTURABIANCAECOLOGICAANTICONDENSAIGIENIZZANTELAVABILEETRASPIRANTEPERINTERNI-1LITRO-OIKOS.webp
Oikos,STERYLSAN - FONDO IGIENIZZANTE E RISANANTE PER PARETI MURALI INTERNE ED ESTERNE CONTAMINATE DA MUFFE - 4 LITRI - OIKOS,"STERYLSAN è un fondo igienizzante e risanante per pareti murali interne ed esterne contaminate da muffe ed alghe . Si applica nelle zone da bonificare, per creare una barriera alla nuova formazione di muffa. Garantisce un’azione duratura .",/images/oikos_products/STERYLSAN-FONDOIGIENIZZANTEERISANANTEPERPARETIMURALIINTERNEEDESTERNECONTAMINATEDAMUFFE-4LITRI-OIKOS.webp
Oikos,STERYLSAN - FONDO IGIENIZZANTE E RISANANTE PER PARETI MURALI INTERNE ED ESTERNE CONTAMINATE DA MUFFE - 1 LITRO - OIKOS,"STERYLSAN è un fondo igienizzante e risanante per pareti murali interne ed esterne contaminate da muffe ed alghe . Si applica nelle zone da bonificare, per creare una barriera alla nuova formazione di muffa. Garantisce un’azione duratura .",/images/oikos_products/STERYLSAN-FONDOIGIENIZZANTEERISANANTEPERPARETIMURALIINTERNEEDESTERNECONTAMINATEDAMUFFE-1LITRO-OIKOS.webp
Oikos,STERYLFIX - SPECIALE DETERGENTE PER LA RIMOZIONE E LA NEUTRALIZZAZIONE DI MUFFE ED ALGHE DALLE PARETI - 1 LITRO - OIKOS,STERYLFIX è uno speciale detergente incolore che facilita la rimozione di muffe ed alghe dalle pareti contaminate attivando contemporaneamente un' azione neutralizzante . Garantisce un’azione duratura .,/images/oikos_products/STERYLFIX-SPECIALEDETERGENTEPERLARIMOZIONEELANEUTRALIZZAZIONEDIMUFFEEDALGHEDALLEPARETI-1LITRO-OIKOS.webp
Oikos,"NOVALIS FONDO RIEMPITIVO - FONDO ACRILICO PER LEGNO, COLORATO, PER L'APPLICAZIONE DELLO SMALTO FINITURA - 0,75 LITRI - OIKOS","NOVALIS è un fondo acrilico ecologico per legno , colorato, ideale come fondo per l'applicazione dello smalto di finitura. Perfettamente carteggiabile , il prodotto rende omogeneo l'assorbimento del legno e copre eventuali stuccature ed imperfezioni .",/images/oikos_products/NOVALISFONDORIEMPITIVO-FONDOACRILICOPERLEGNOCOLORATOPERLAPPLICAZIONEDELLOSMALTOFINITURA-075LITRI-OIKOS.webp
Oikos,"NOVALIS FONDO RIEMPITIVO - FONDO ACRILICO PER LEGNO, COLORATO, PER L'APPLICAZIONE DELLO SMALTO FINITURA - 2,50 LITRI - OIKOS","NOVALIS è un fondo acrilico ecologico per legno , colorato, ideale come fondo per l'applicazione dello smalto di finitura. Perfettamente carteggiabile , il prodotto rende omogeneo l'assorbimento del legno e copre eventuali stuccature ed imperfezioni .",/images/oikos_products/NOVALISFONDORIEMPITIVO-FONDOACRILICOPERLEGNOCOLORATOPERLAPPLICAZIONEDELLOSMALTOFINITURA-250LITRI-OIKOS.webp
Oikos,CRILUX - SPECIALE FISSATIVO ANCORANTE ACRILICO TRASPIRANTE PER SUPPORTI POROSI AD ALTA ADESIONE - 4 LITRI - OIKOS,"CRILUX è un fissativo ancorante acrilico universale per interni , super resa, ad alta adesione , consolida superfici soggette a sfarinamento, rasature a gesso e superfici murali nuove.",/images/oikos_products/CRILUX-SPECIALEFISSATIVOANCORANTEACRILICOTRASPIRANTEPERSUPPORTIPOROSIADALTAADESIONE-4LITRI-OIKOS.webp
Oikos,CRILUX - SPECIALE FISSATIVO ANCORANTE ACRILICO TRASPIRANTE PER SUPPORTI POROSI AD ALTA ADESIONE - 1 LITRO - OIKOS,"CRILUX è un fissativo ancorante acrilico universale per interni , super resa, ad alta adesione , consolida superfici soggette a sfarinamento, rasature a gesso e superfici murali nuove.",/images/oikos_products/CRILUX-SPECIALEFISSATIVOANCORANTEACRILICOTRASPIRANTEPERSUPPORTIPOROSIADALTAADESIONE-1LITRO-OIKOS.webp
Oikos,MULTIFUND - PITTURA ECOLOGICA ACRILICA AD EFFETTO VELLUTATO PER INTERNI SUPER LAVABILE - 4 LITRI - OIKOS,"MULTIFUND è una pittura ecologica acrilica , ad effetto vellutato per interni . Super resa, la più alta della sua categoria, forte risparmio economico, la migliore in rapporto prestazioni / costo, super lavabile, ideale per tutti gli ambienti della casa .",/images/oikos_products/MULTIFUND-PITTURAECOLOGICAACRILICAADEFFETTOVELLUTATOPERINTERNISUPERLAVABILE-4LITRI-OIKOS.webp
Oikos,MULTIFUND - PITTURA ECOLOGICA ACRILICA AD EFFETTO VELLUTATO PER INTERNI SUPER LAVABILE - 10 LITRI - OIKOS,"MULTIFUND è una pittura ecologica acrilica , ad effetto vellutato per interni . Super resa, la più alta della sua categoria, forte risparmio economico, la migliore in rapporto prestazioni / costo, super lavabile, ideale per tutti gli ambienti della casa .",/images/oikos_products/MULTIFUND-PITTURAECOLOGICAACRILICAADEFFETTOVELLUTATOPERINTERNISUPERLAVABILE-10LITRI-OIKOS.webp
Oikos,IL PRIMER - SPECIALE FISSATIVO ANCORANTE E RIEMPITIVO PER SUPPORTI MOLTO POROSI CON EFFETTO FINALE RUVIDO - 1 LITRO - OIKOS,"IL PRIMER è un fissativo ancorante con ottime caratteristiche di penetrazione, consolida il supporto. Ideale per intonaci rustici, civili a gesso, alcalini, intonaci sfarinati e poco compatti, superfici murali vecchie e, in generale, supporti molto porosi .",/images/oikos_products/ILPRIMER-SPECIALEFISSATIVOANCORANTEERIEMPITIVOPERSUPPORTIMOLTOPOROSICONEFFETTOFINALERUVIDO-1LITRO-OIKOS.webp
Oikos,IL PIGMENTATO - FISSATIVO ACRILICO ANCORANTE DI COLORE BIANCO AD ELEVATA TRASPIRAZIONE PER INTERNI - 4 LITRI - OIKOS,"IL PIGMENTATO è un fondo altamente coprente, pigmentato, anche in tinte forti, ancorante, alta adesione in superfici interne , uniformante, acrilico, ecologico, alta resa con forte risparmio economico.",/images/oikos_products/ILPIGMENTATO-FISSATIVOACRILICOANCORANTEDICOLOREBIANCOADELEVATATRASPIRAZIONEPERINTERNI-4LITRI-OIKOS.webp
Oikos,IL PIGMENTATO - FISSATIVO ACRILICO ANCORANTE DI COLORE BIANCO AD ELEVATA TRASPIRAZIONE PER INTERNI - 1 LITRO - OIKOS,"IL PIGMENTATO è un fondo altamente coprente, pigmentato, anche in tinte forti, ancorante, alta adesione in superfici interne , uniformante, acrilico, ecologico, alta resa con forte risparmio economico.",/images/oikos_products/ILPIGMENTATO-FISSATIVOACRILICOANCORANTEDICOLOREBIANCOADELEVATATRASPIRAZIONEPERINTERNI-1LITRO-OIKOS.webp
Oikos,IL PIGMENTATO - FISSATIVO ACRILICO ANCORANTE DI COLORE BIANCO AD ELEVATA TRASPIRAZIONE PER INTERNI - 10 LITRI - OIKOS,"IL PIGMENTATO è un fondo altamente coprente, pigmentato, anche in tinte forti, ancorante, alta adesione in superfici interne , uniformante, acrilico, ecologico, alta resa con forte risparmio economico.",/images/oikos_products/ILPIGMENTATO-FISSATIVOACRILICOANCORANTEDICOLOREBIANCOADELEVATATRASPIRAZIONEPERINTERNI-10LITRI-OIKOS.webp
Oikos,SIRIUS 2001 - PITTURA LAVABILE TRASPIRANTE UNIVERSALE ADATTA PER TUTTI GLI AMBIENTI INTERNI - 4 LITRI - OIKOS,"I SIRIUS è una pittura acrilica lavabile per interni , bianco luminoso, traspirante, è idoneo per soffitti e ambienti tecnici della casa, disponibile in 116 tinte .",/images/oikos_products/SIRIUS2001-PITTURALAVABILETRASPIRANTEUNIVERSALEADATTAPERTUTTIGLIAMBIENTIINTERNI-4LITRI-OIKOS.webp
Oikos,SIRIUS 2001 - PITTURA LAVABILE TRASPIRANTE UNIVERSALE ADATTA PER TUTTI GLI AMBIENTI INTERNI - 1 LITRO - OIKOS,"SIRIUS è una pittura acrilica lavabile per interni , bianco luminoso, traspirante, è idoneo per soffitti e ambienti tecnici della casa, disponibile in 116 tinte .",/images/oikos_products/SIRIUS2001-PITTURALAVABILETRASPIRANTEUNIVERSALEADATTAPERTUTTIGLIAMBIENTIINTERNI-1LITRO-OIKOS.webp
Oikos,SIRIUS 2001 - PITTURA LAVABILE TRASPIRANTE UNIVERSALE ADATTA PER TUTTI GLI AMBIENTI INTERNI - 10 LITRI - OIKOS,"SIRIUS è una pittura acrilica lavabile per interni , bianco luminoso, traspirante, è idoneo per soffitti e ambienti tecnici della casa, disponibile in 116 tinte .",/images/oikos_products/SIRIUS2001-PITTURALAVABILETRASPIRANTEUNIVERSALEADATTAPERTUTTIGLIAMBIENTIINTERNI-10LITRI-OIKOS.webp
Oikos,SIRIUS 2001 - PITTURA LAVABILE TRASPIRANTE UNIVERSALE ADATTA PER TUTTI GLI AMBIENTI INTERNI - 14 LITRI - OIKOS,"SIRIUS è una pittura acrilica lavabile per interni , bianco luminoso, traspirante, è idoneo per soffitti e ambienti tecnici della casa, disponibile in 116 tinte .",/images/oikos_products/SIRIUS2001-PITTURALAVABILETRASPIRANTEUNIVERSALEADATTAPERTUTTIGLIAMBIENTIINTERNI-14LITRI-OIKOS.webp
Oikos,IL PRIMER - SPECIALE FISSATIVO ANCORANTE E RIEMPITIVO PER SUPPORTI MOLTO POROSI CON EFFETTO FINALE RUVIDO - 4 LITRI - OIKOS,"IL PRIMER è un fissativo ancorante con ottime caratteristiche di penetrazione, consolida il supporto. Ideale per intonaci rustici, civili a gesso, alcalini, intonaci sfarinati e poco compatti, superfici murali vecchie e, in generale, supporti molto porosi .",/images/oikos_products/ILPRIMER-SPECIALEFISSATIVOANCORANTEERIEMPITIVOPERSUPPORTIMOLTOPOROSICONEFFETTOFINALERUVIDO-4LITRI-OIKOS.webp
Oikos,SUPERCOLOR - PITTURA ACRILICA SUPERLAVABILE E TRASPIRABILE IDEALE IN OGNI AMBIENTE DI CASA E LAVORO - 4 LITRI - OIKOS,"SUPERCOLOR è una p ittura ecologica che garantisce massime prestazioni in lavabilità, traspirabilità, resa e copertura. Ideale in ogni ambiente di casa e lavoro: anche dove si corre il rischio di sporcare e in luoghi umidi, la sua lavabilità infatti la rende facilmente pulibile e la sua traspirabilità fa respirare perfettamente ogni parete.",/images/oikos_products/SUPERCOLOR-PITTURAACRILICASUPERLAVABILEETRASPIRABILEIDEALEINOGNIAMBIENTEDICASAELAVORO-4LITRI-OIKOS.webp
Oikos,SUPERCOLOR - PITTURA ACRILICA SUPERLAVABILE E TRASPIRABILE IDEALE IN OGNI AMBIENTE DI CASA E LAVORO - 1 LITRO - OIKOS,"SUPERCOLOR è una p ittura ecologica che garantisce massime prestazioni in lavabilità, traspirabilità, resa e copertura. Ideale in ogni ambiente di casa e lavoro: anche dove si corre il rischio di sporcare e in luoghi umidi, la sua lavabilità infatti la rende facilmente pulibile e la sua traspirabilità fa respirare perfettamente ogni parete.",/images/oikos_products/SUPERCOLOR-PITTURAACRILICASUPERLAVABILEETRASPIRABILEIDEALEINOGNIAMBIENTEDICASAELAVORO-1LITRO-OIKOS.webp
Oikos,SUPERCOLOR - PITTURA ACRILICA SUPERLAVABILE E TRASPIRABILE IDEALE IN OGNI AMBIENTE DI CASA E LAVORO - 14 LITRI - OIKOS,"SUPERCOLOR è una p ittura ecologica che garantisce massime prestazioni in lavabilità, traspirabilità, resa e copertura. Ideale in ogni ambiente di casa e lavoro: anche dove si corre il rischio di sporcare e in luoghi umidi, la sua lavabilità infatti la rende facilmente pulibile e la sua traspirabilità fa respirare perfettamente ogni parete.",/images/oikos_products/SUPERCOLOR-PITTURAACRILICASUPERLAVABILEETRASPIRABILEIDEALEINOGNIAMBIENTEDICASAELAVORO-14LITRI-OIKOS.webp
Oikos,NEOQUARZ - PITTURA ACRILICA BIANCA AL QUARZO LAVABILE PER ESTERNI CON EFFETTO LISCIO OPACO - 4 LITRI - OIKOS,"NEOQUARZ è un'idropittura minerale al quarzo fine, ad effetto opaco per esterni, idrorepellente , a rapida essicazione e ad alta resa. In 600 tinte resistenti all'azione dei raggi U.V .",/images/oikos_products/NEOQUARZ-PITTURAACRILICABIANCAALQUARZOLAVABILEPERESTERNICONEFFETTOLISCIOOPACO-4LITRI-OIKOS.webp
Oikos,NEOQUARZ - PITTURA ACRILICA BIANCA AL QUARZO LAVABILE PER ESTERNI CON EFFETTO LISCIO OPACO - 1 LITRO - OIKOS,"NEOQUARZ è un'idropittura minerale al quarzo fine, ad effetto opaco per esterni, idrorepellente , a rapida essicazione e ad alta resa. In 600 tinte resistenti all'azione dei raggi U.V .",/images/oikos_products/NEOQUARZ-PITTURAACRILICABIANCAALQUARZOLAVABILEPERESTERNICONEFFETTOLISCIOOPACO-1LITRO-OIKOS.webp
Oikos,NEOQUARZ - PITTURA ACRILICA BIANCA AL QUARZO LAVABILE PER ESTERNI CON EFFETTO LISCIO OPACO - 14 LITRI - OIKOS,"NEOQUARZ è un'idropittura minerale al quarzo fine, ad effetto opaco per esterni, idrorepellente , a rapida essicazione e ad alta resa. In 600 tinte resistenti all'azione dei raggi U.V .",/images/oikos_products/NEOQUARZ-PITTURAACRILICABIANCAALQUARZOLAVABILEPERESTERNICONEFFETTOLISCIOOPACO-14LITRI-OIKOS.webp
Oikos,NEOKRYLL - FISSATIVO ANCORANTE ACRILICO TRASPARENTE PER ESTERNI AD ALTA ADESIONE E CON SUPER RESA - 4 LITRI - OIKOS,"NEOKRYLL è un fissativo ancorante acrilico universale per esterni , super resa, ad alta adesione, consolida superfici soggette a sfarinamento, rasature a gesso e superfici murali nuove.",/images/oikos_products/NEOKRYLL-FISSATIVOANCORANTEACRILICOTRASPARENTEPERESTERNIADALTAADESIONEECONSUPERRESA-4LITRI-OIKOS.webp
Oikos,NEOKRYLL - FISSATIVO ANCORANTE ACRILICO TRASPARENTE PER ESTERNI AD ALTA ADESIONE E CON SUPER RESA - 1 LITRO - OIKOS,"NEOKRYLL è un fissativo ancorante acrilico universale per esterni , super resa, ad alta adesione, consolida superfici soggette a sfarinamento, rasature a gesso e superfici murali nuove.",/images/oikos_products/NEOKRYLL-FISSATIVOANCORANTEACRILICOTRASPARENTEPERESTERNIADALTAADESIONEECONSUPERRESA-1LITRO-OIKOS.webp
Oikos,ENCANTO - PITTURA DECORATIVA ALL'ACQUA ECOLOGICA BIANCA IDEALE PER CREARE SFUMATURE RIFLETTENTI  CANGIANTI - 4 LITRI - OIKOS,"ENCANTO è una pittura decorativa ecologica ideale per creare sfumature riflettenti che cambiano in funzione della luce. Dal 2006 l'originale effetto metallizzato in parete, versatile, capace di creare diverse sfumature mantenendo saldi i nostri principi di ecologia e benessere .",/images/oikos_products/ENCANTO-PITTURADECORATIVAALLACQUAECOLOGICABIANCAIDEALEPERCREARESFUMATURERIFLETTENTICANGIANTI-4LITRI-OIKOS.webp
Oikos,ENCANTO - PITTURA DECORATIVA ALL'ACQUA ECOLOGICA BIANCA IDEALE PER CREARE SFUMATURE RIFLETTENTI  CANGIANTI - 1 LITRO - OIKOS,"ENCANTO è una pittura decorativa ecologica ideale per creare sfumature riflettenti che cambiano in funzione della luce. Dal 2006 l'originale effetto metallizzato in parete, versatile, capace di creare diverse sfumature mantenendo saldi i nostri principi di ecologia e benessere .",/images/oikos_products/ENCANTO-PITTURADECORATIVAALLACQUAECOLOGICABIANCAIDEALEPERCREARESFUMATURERIFLETTENTICANGIANTI-1LITRO-OIKOS.webp
Oikos,"DUCA DI VENEZIA - VELATURA DECORATIVA PER INTERNI ECOLOGICA, LAVABILE, TRASPIRANTE E DALL'EFFETTO ANTICO - 1 LITRO - OIKOS","DUCA DI VENEZIA è una velatura decorativa effetto antico, ecologica, lavabile e disponibile in un’ampia gamma di colori. L’applicazione, sull’apposito fondo, risulta facile e veloce, senza problemi di giunta. Garantisce una decorazione elegante e duratura nel tempo , altamente traspirante.",/images/oikos_products/DUCADIVENEZIA-VELATURADECORATIVAPERINTERNIECOLOGICALAVABILETRASPIRANTEEDALLEFFETTOANTICO-1LITRO-OIKOS.webp
Oikos,MULTIFUND - PITTURA ECOLOGICA ACRILICA AD EFFETTO VELLUTATO PER INTERNI SUPER LAVABILE - 1 LITRO - OIKOS,"MULTIFUND è una pittura ecologica acrilica , ad effetto vellutato per interni . Super resa, la più alta della sua categoria, forte risparmio economico, la migliore in rapporto prestazioni / costo, super lavabile, ideale per tutti gli ambienti della casa .",/images/oikos_products/MULTIFUND-PITTURAECOLOGICAACRILICAADEFFETTOVELLUTATOPERINTERNISUPERLAVABILE-1LITRO-OIKOS.webp
Oikos,MULTIDECOR - PITTURA DECORATIVA SEMITRASPARENTE CROMOMATERICA PER FINITURE DAI CROMATISMI CANGIANTI - 1 LITRO - OIKOS,"MULTIDECOR è un decorativo dallo stile classico e dal design attuale. La fantasia del progettista e la mano maestra di un artigiano, creano effetti unici per ogni ambiente. Disponibile in 3 versioni: E (lucido), E OPAC (opaco) ed ES (cangiante).",/images/oikos_products/MULTIDECOR-PITTURADECORATIVASEMITRASPARENTECROMOMATERICAPERFINITUREDAICROMATISMICANGIANTI-1LITRO-OIKOS.webp
Oikos,440 - ECOMATERIA DECORATIVA BIANCA ECOLOGICA TRASPIRANTE CON EFFETTO TRAME TESSUTO PER INTERNI - 1 LITRO - OIKOS,440 è l’ecomateria decorativa per interni ecologica a base di speciali resine in dispersione acquosa e riempitivi particolari.,/images/oikos_products/440-ECOMATERIADECORATIVABIANCAECOLOGICATRASPIRANTECONEFFETTOTRAMETESSUTOPERINTERNI-1LITRO-OIKOS.webp
Oikos,OTTOCENTO - RIVESTIMENTO DECORATIVO ECOLOGICO TRASPIRANTE BIANCO CON EFFETTO TESSUTO VELLUTATO - 4 LITRI - OIKOS,"OTTOCENTO rappresenta la calda bellezza del velluto in parete. L’Originale dal 1998. Pittura decorativa ecologica, capace di creare in base all’angolo della luce riflessa l'effetto del tessuto vellutato .",/images/oikos_products/OTTOCENTO-RIVESTIMENTODECORATIVOECOLOGICOTRASPIRANTEBIANCOCONEFFETTOTESSUTOVELLUTATO-4LITRI-OIKOS.webp
Oikos,OTTOCENTO - RIVESTIMENTO DECORATIVO ECOLOGICO TRASPIRANTE BIANCO CON EFFETTO TESSUTO VELLUTATO - 1 LITRO - OIKOS,"OTTOCENTO rappresenta la calda bellezza del velluto in parete. L’Originale dal 1998. Pittura decorativa ecologica, capace di creare in base all’angolo della luce riflessa l'effetto del tessuto vellutato .",/images/oikos_products/OTTOCENTO-RIVESTIMENTODECORATIVOECOLOGICOTRASPIRANTEBIANCOCONEFFETTOTESSUTOVELLUTATO-1LITRO-OIKOS.webp
Oikos,FONDO MURALES - PITTURA ACRILICA RIEMPITIVA PER FINITURE COLORATE O FONDO PER SPECIALI EFFETTI DECORATIVI - 4 LITRI - OIKOS,"FONDO MURALES è una p ittura acrilica riempitiva ad altissima copertura , direttamente in parete, non necessita di fissativo e traspirante. Ideale come fondo per decorativi. In 116 tinte.",/images/oikos_products/FONDOMURALES-PITTURAACRILICARIEMPITIVAPERFINITURECOLORATEOFONDOPERSPECIALIEFFETTIDECORATIVI-4LITRI-OIKOS.webp
Oikos,FONDO MURALES - PITTURA ACRILICA RIEMPITIVA PER FINITURE COLORATE O FONDO PER SPECIALI EFFETTI DECORATIVI - 1 LITRO - OIKOS,"FONDO MURALES è una p ittura acrilica riempitiva ad altissima copertura , direttamente in parete, non necessita di fissativo e traspirante. Ideale come fondo per decorativi. In 116 tinte.",/images/oikos_products/FONDOMURALES-PITTURAACRILICARIEMPITIVAPERFINITURECOLORATEOFONDOPERSPECIALIEFFETTIDECORATIVI-1LITRO-OIKOS.webp
Oikos,STUCCO ROMANO - STUCCO DECORATIVO ECOLOGICO BIANCO BASE CALCE NATURALE PER FINITURE ELEGANTI - 1 KG - OIKOS,"STUCCO ROMANO è uno stucco decorativo ecologico che rimanda all’antica e fascinosa tradizione classica dell’arte romana , con finiture che ricreano le tipiche ed uniche eleganze dei marmi e degli stucchi a base di grassello di calce.",/images/oikos_products/STUCCOROMANO-STUCCODECORATIVOECOLOGICOBIANCOBASECALCENATURALEPERFINITUREELEGANTI-1KG-OIKOS.webp
Oikos,STUCCO ROMANO - STUCCO DECORATIVO ECOLOGICO BIANCO BASE CALCE NATURALE PER FINITURE ELEGANTI - 5 KG - OIKOS,"STUCCO ROMANO è uno stucco decorativo ecologico che rimanda all’antica e fascinosa tradizione classica dell’arte romana , con finiture che ricreano le tipiche ed uniche eleganze dei marmi e degli stucchi a base di grassello di calce.",/images/oikos_products/STUCCOROMANO-STUCCODECORATIVOECOLOGICOBIANCOBASECALCENATURALEPERFINITUREELEGANTI-5KG-OIKOS.webp
Oikos,STUCCO ROMANO - STUCCO DECORATIVO ECOLOGICO BIANCO BASE CALCE NATURALE PER FINITURE ELEGANTI - 20 KG - OIKOS,"STUCCO ROMANO è uno stucco decorativo ecologico che rimanda all’antica e fascinosa tradizione classica dell’arte romana , con finiture che ricreano le tipiche ed uniche eleganze dei marmi e degli stucchi a base di grassello di calce.",/images/oikos_products/STUCCOROMANO-STUCCODECORATIVOECOLOGICOBIANCOBASECALCENATURALEPERFINITUREELEGANTI-20KG-OIKOS.webp
Oikos,DRYWALL PAINT - PITTURA ACRILVINILICA BIANCA LAVABILE EFFETTO OPACO PER INTERNI A BASSO IMPATTO AMBIENTALE - 4 LITRI - OIKOS,"DRYWALL PAINT BY OIKOS è una pittura acrilvinilica per interni a basso impatto ambientale ad effetto liscio-opaco, lavabile, ad elevata copertura, traspirante, che permette di ottenere una finitura gradevole.",/images/oikos_products/DRYWALLPAINT-PITTURAACRILVINILICABIANCALAVABILEEFFETTOOPACOPERINTERNIABASSOIMPATTOAMBIENTALE-4LITRI-OIKOS.webp
Oikos,DRYWALL PAINT - PITTURA ACRILVINILICA BIANCA LAVABILE EFFETTO OPACO PER INTERNI A BASSO IMPATTO AMBIENTALE - 14 LITRI - OIKOS,"DRYWALL PAINT BY OIKOS è una pittura acrilvinilica per interni a basso impatto ambientale ad effetto liscio-opaco, lavabile, ad elevata copertura, traspirante, che permette di ottenere una finitura gradevole.",/images/oikos_products/DRYWALLPAINT-PITTURAACRILVINILICABIANCALAVABILEEFFETTOOPACOPERINTERNIABASSOIMPATTOAMBIENTALE-14LITRI-OIKOS.webp
Oikos,PALLAS - PITTURA DECORATIVA ECOLOGICA ''BASE D'' DALL'EFFETTO SETA CON RIFLESSI CANGIANTI - 1 LITRO - OIKOS,"La calda bellezza della seta in parete. PALLAS è l'originale Pittura decorativa ecologica , capace di creare in base all’angolo della luce riflessa, l'effetto della seta. Pallas nel presente e nel futuro, per caratterizzare le superfici contemporanee.",/images/oikos_products/PALLAS-PITTURADECORATIVAECOLOGICABASEDDALLEFFETTOSETACONRIFLESSICANGIANTI-1LITRO-OIKOS.webp
Oikos,PALLAS - PITTURA DECORATIVA ECOLOGICA ''BASE G'' DALL'EFFETTO SETA CON RIFLESSI CANGIANTI - 1 LITRO - OIKOS,"La calda bellezza della seta in parete. PALLAS è l'originale Pittura decorativa ecologica , capace di creare in base all’angolo della luce riflessa, l'effetto della seta. Pallas nel presente e nel futuro, per caratterizzare le superfici contemporanee.",/images/oikos_products/PALLAS-PITTURADECORATIVAECOLOGICABASEGDALLEFFETTOSETACONRIFLESSICANGIANTI-1LITRO-OIKOS.webp
Oikos,PALLAS - PITTURA DECORATIVA ECOLOGICA ''BASE P'' DALL'EFFETTO SETA CON RIFLESSI CANGIANTI - 1 LITRO - OIKOS,"La calda bellezza della seta in parete. PALLAS è l'originale Pittura decorativa ecologica , capace di creare in base all’angolo della luce riflessa, l'effetto della seta. Pallas nel presente e nel futuro, per caratterizzare le superfici contemporanee.",/images/oikos_products/PALLAS-PITTURADECORATIVAECOLOGICABASEPDALLEFFETTOSETACONRIFLESSICANGIANTI-1LITRO-OIKOS.webp
Oikos,RAFFAELLO DECORSTUCCO - CLASSICO STUCCO DECORATIVO ECOLOGICO BIANCO A BASE DI CALCE NATURALE - 5 KG - OIKOS,RAFFAELLO DECORSTUCCO è un c lassico stucco decorativo che rievoca la bellezza ed il fascino della cultura rinascimentale italiana donando ricchezza ed eleganza ad ogni tipo di ambiente.,/images/oikos_products/RAFFAELLODECORSTUCCO-CLASSICOSTUCCODECORATIVOECOLOGICOBIANCOABASEDICALCENATURALE-5KG-OIKOS.webp
Oikos,RAFFAELLO DECORSTUCCO - CLASSICO STUCCO DECORATIVO ECOLOGICO BIANCO A BASE DI CALCE NATURALE - 20 KG - OIKOS,RAFFAELLO DECORSTUCCO è un c lassico stucco decorativo che rievoca la bellezza ed il fascino della cultura rinascimentale italiana donando ricchezza ed eleganza ad ogni tipo di ambiente.,/images/oikos_products/RAFFAELLODECORSTUCCO-CLASSICOSTUCCODECORATIVOECOLOGICOBIANCOABASEDICALCENATURALE-20KG-OIKOS.webp
Oikos,EKOSTRIPPER - SVERNICIATORE ECOLOGICO PER LA RIMOZIONE DI TUTTI I TIPI DI PRODOTTI VERNICIANTI SINTETICI - 4 LITRI - OIKOS,EKOSTRIPPER è uno sverniciatore ecologico in grado di rimuovere tutti i tipi di prodotti vernicianti sintetici da ogni superficie .,/images/oikos_products/EKOSTRIPPER-SVERNICIATOREECOLOGICOPERLARIMOZIONEDITUTTIITIPIDIPRODOTTIVERNICIANTISINTETICI-4LITRI-OIKOS.webp
Oikos,EKOSTRIPPER - SVERNICIATORE ECOLOGICO PER LA RIMOZIONE DI TUTTI I TIPI DI PRODOTTI VERNICIANTI SINTETICI - 14 LITRI - OIKOS,EKOSTRIPPER è uno sverniciatore ecologico in grado di rimuovere tutti i tipi di prodotti vernicianti sintetici da ogni superficie .,/images/oikos_products/EKOSTRIPPER-SVERNICIATOREECOLOGICOPERLARIMOZIONEDITUTTIITIPIDIPRODOTTIVERNICIANTISINTETICI-14LITRI-OIKOS.webp
Oikos,"STERYLPAINT - PITTURA BIANCA ECOLOGICA ANTIMUFFA LAVABILE, TRASPIRANANTE E COPRENTE PER INTERNI - 4 LITRI - OIKOS","STERYLPAINT pittura ecologica, traspirante e coprente, igienizzante, antimuffa, particolarmente indicata in ambienti poco areat i, come bagni e cucine, dove la forte presenza di vapore acqueo favorisce lo sviluppo di muffe e alghe.",/images/oikos_products/STERYLPAINT-PITTURABIANCAECOLOGICAANTIMUFFALAVABILETRASPIRANANTEECOPRENTEPERINTERNI-4LITRI-OIKOS.webp
Oikos,"STERYLPAINT - PITTURA BIANCA ECOLOGICA ANTIMUFFA LAVABILE, TRASPIRANANTE E COPRENTE PER INTERNI - 1 LITRO - OIKOS","STERYLPAINT pittura ecologica, traspirante e coprente, igienizzante, antimuffa, particolarmente indicata in ambienti poco areat i, come bagni e cucine, dove la forte presenza di vapore acqueo favorisce lo sviluppo di muffe e alghe.",/images/oikos_products/STERYLPAINT-PITTURABIANCAECOLOGICAANTIMUFFALAVABILETRASPIRANANTEECOPRENTEPERINTERNI-1LITRO-OIKOS.webp
Oikos,"STERYLPAINT - PITTURA BIANCA ECOLOGICA ANTIMUFFA LAVABILE, TRASPIRANANTE E COPRENTE PER INTERNI - 10 LITRI - OIKOS","STERYLPAINT pittura ecologica, traspirante e coprente, igienizzante, antimuffa, particolarmente indicata in ambienti poco areat i, come bagni e cucine, dove la forte presenza di vapore acqueo favorisce lo sviluppo di muffe e alghe.",/images/oikos_products/STERYLPAINT-PITTURABIANCAECOLOGICAANTIMUFFALAVABILETRASPIRANANTEECOPRENTEPERINTERNI-10LITRI-OIKOS.webp
Oikos,TRAVERTINO ROMANO - SPECIALE INTONACO BIANCO DECORATIVO RIEMPITIVO A CALCE PRONTO ALL'USO - 5 LITRI - OIKOS,"La bellezza della natura, la forza di una pietra naturale, una innovazione ecologica Oikos. Dal 2004 utilizza gli scarti di lavorazione delle cave resi polvere, con l'aggiunta di leganti miscelati, formano una pasta cremosa che lavorata in parete, riproduce lo stesso materiale naturale, senza alterarne le caratteristiche .",/images/oikos_products/TRAVERTINOROMANO-SPECIALEINTONACOBIANCODECORATIVORIEMPITIVOACALCEPRONTOALLUSO-5LITRI-OIKOS.webp
Oikos,TRAVERTINO ROMANO - SPECIALE INTONACO BIANCO DECORATIVO RIEMPITIVO A CALCE PRONTO ALL'USO - 20 KG - OIKOS,"La bellezza della natura, la forza di una pietra naturale, una innovazione ecologica Oikos. Dal 2004 utilizza gli scarti di lavorazione delle cave resi polvere, con l'aggiunta di leganti miscelati, formano una pasta cremosa che lavorata in parete, riproduce lo stesso materiale naturale, senza alterarne le caratteristiche .",/images/oikos_products/TRAVERTINOROMANO-SPECIALEINTONACOBIANCODECORATIVORIEMPITIVOACALCEPRONTOALLUSO-20KG-OIKOS.webp
Oikos,TRAVERTINO ROMANO FINITURA - PITTURA SEMITRASPARENTE PER LA PROTEZIONE E LA DECORAZIONE DI TRAVERTINO ROMANO - 4 LITRI - OIKOS,Protettivo studiato appositamente per TRAVERTINO ROMANO . Il prodotto permette di risaltare le venature della pietra e garantisce un’ottima resa .,/images/oikos_products/TRAVERTINOROMANOFINITURA-PITTURASEMITRASPARENTEPERLAPROTEZIONEELADECORAZIONEDITRAVERTINOROMANO-4LITRI-OIKOS.webp
Oikos,"COPRIMAX - PITTURA ECOLOGICA OPACA PER INTERNI RIEMPITIVA, TRASPIRANTE, COPRENTE E LAVABILE - 4 LITRI - OIKOS","Pittura ecologica acrilica traspirante opaca per interni. Riempitiva, coprente, con buona lavabilità, ottimo punto di bianco e 116 tinte pastello.",/images/oikos_products/COPRIMAX-PITTURAECOLOGICAOPACAPERINTERNIRIEMPITIVATRASPIRANTECOPRENTEELAVABILE-4LITRI-OIKOS.webp
Oikos,"NOVALIS ECOPROTETTIVO FERRO - PROTETTIVO ACRILICO TRASPARENTE PER METALLI ANTIGRAFFIO ED INALTERABILE - 2,5 LITRI - OIKOS","Protettivo per metalli, trasparente, 100% acrilico, non ingiallisce, antigraffio , idrorepellente, lavabile, inalterabile nel tempo. Ad effetto lucido.",/images/oikos_products/NOVALISECOPROTETTIVOFERRO-PROTETTIVOACRILICOTRASPARENTEPERMETALLIANTIGRAFFIOEDINALTERABILE-25LITRI-OIKOS.webp
Oikos,"NOVALIS ECOPROTETTIVO FERRO - PROTETTIVO ACRILICO TRASPARENTE PER METALLI ANTIGRAFFIO ED INALTERABILE - 0,75 LITRI - OIKOS","Protettivo per metalli, trasparente, 100% acrilico, non ingiallisce, antigraffio , idrorepellente, lavabile, inalterabile nel tempo. Ad effetto lucido.",/images/oikos_products/NOVALISECOPROTETTIVOFERRO-PROTETTIVOACRILICOTRASPARENTEPERMETALLIANTIGRAFFIOEDINALTERABILE-075LITRI-OIKOS.webp
Oikos,CEMENTO MATERICO - RIVESTIMENTO BIANCO A BASE DI CALCE PER CREARE EFFETTI MATERICI CON MINIMO SPESSORE - 5 KG - OIKOS,"Rivestimento fortemente resistente agli urti, composto da materie prime ecologiche naturali ottenute dagli scarti di lavorazioni delle cave di calci e pietre in seguito micronizzate. Applicato a spatola sulla superficie, ricrea gli effetti del cemento in edilizia.",/images/oikos_products/CEMENTOMATERICO-RIVESTIMENTOBIANCOABASEDICALCEPERCREAREEFFETTIMATERICICONMINIMOSPESSORE-5KG-OIKOS.webp
Oikos,CEMENTO MATERICO - RIVESTIMENTO BIANCO A BASE DI CALCE PER CREARE EFFETTI MATERICI CON MINIMO SPESSORE - 20 KG - OIKOS,"Rivestimento fortemente resistente agli urti, composto da materie prime ecologiche naturali ottenute dagli scarti di lavorazioni delle cave di calci e pietre in seguito micronizzate. Applicato a spatola sulla superficie, ricrea gli effetti del cemento in edilizia.",/images/oikos_products/CEMENTOMATERICO-RIVESTIMENTOBIANCOABASEDICALCEPERCREAREEFFETTIMATERICICONMINIMOSPESSORE-20KG-OIKOS.webp
Oikos,CERA PER STUCCO - CERA DECORATIVA IN PASTA PER CREARE EFFETTI MARMOREI ESALTANDO LA LUCENTEZZA DELLO STUCCO - 1 LITRO - OIKOS,"Cera decorativa in pasta creata per esaltare la lucentezza dello stucco. Ad alta resa, grazie alla semplice e veloce applicazione a spatola, in una unica mano, permette di ottenere eccellenti effetti marmorei pur rispettando la lavorazione e la naturalezza dello stucco su cui viene applicata.",/images/oikos_products/CERAPERSTUCCO-CERADECORATIVAINPASTAPERCREAREEFFETTIMARMOREIESALTANDOLALUCENTEZZADELLOSTUCCO-1LITRO-OIKOS.webp
Oikos,DECORGLITTER - SPECIALE ADDITIVO COLORE ''ARGENTO'' PER PITTURE E DECORAZIONI EFFETTO GLITTER - 90 GRAMMI - OIKOS,"Le stelle in parete , aggiunto alle pitture permette di arricchire il risultato finale dandogli un tocco di originalità, i glitter colorati in base all’angolo della luce riflessa, creano effetti stellari .",/images/oikos_products/DECORGLITTER-SPECIALEADDITIVOCOLOREARGENTOPERPITTUREEDECORAZIONIEFFETTOGLITTER-90GRAMMI-OIKOS.webp
Oikos,DECORGLITTER - SPECIALE ADDITIVO COLORE ''BRONZO'' PER PITTURE E DECORAZIONI EFFETTO GLITTER - 90 GRAMMI - OIKOS,"Le stelle in parete , aggiunto alle pitture permette di arricchire il risultato finale dandogli un tocco di originalità, i glitter colorati in base all’angolo della luce riflessa, creano effetti stellari .",/images/oikos_products/DECORGLITTER-SPECIALEADDITIVOCOLOREBRONZOPERPITTUREEDECORAZIONIEFFETTOGLITTER-90GRAMMI-OIKOS.webp
Oikos,DECORGLITTER - SPECIALE ADDITIVO COLORE ''METAL'' PER PITTURE E DECORAZIONI EFFETTO GLITTER - 90 GRAMMI - OIKOS,"Le stelle in parete , aggiunto alle pitture permette di arricchire il risultato finale dandogli un tocco di originalità, i glitter colorati in base all’angolo della luce riflessa, creano effetti stellari .",/images/oikos_products/DECORGLITTER-SPECIALEADDITIVOCOLOREMETALPERPITTUREEDECORAZIONIEFFETTOGLITTER-90GRAMMI-OIKOS.webp
Oikos,DECORGLITTER - SPECIALE ADDITIVO COLORE ''OLOGRAMMA'' PER PITTURE E DECORAZIONI EFFETTO GLITTER - 90 GRAMMI - OIKOS,"Le stelle in parete , aggiunto alle pitture permette di arricchire il risultato finale dandogli un tocco di originalità, i glitter colorati in base all’angolo della luce riflessa, creano effetti stellari .",/images/oikos_products/DECORGLITTER-SPECIALEADDITIVOCOLOREOLOGRAMMAPERPITTUREEDECORAZIONIEFFETTOGLITTER-90GRAMMI-OIKOS.webp
Oikos,DECORGLITTER - SPECIALE ADDITIVO COLORE ''ORO'' PER PITTURE E DECORAZIONI EFFETTO GLITTER - 90 GRAMMI - OIKOS,"Le stelle in parete , aggiunto alle pitture permette di arricchire il risultato finale dandogli un tocco di originalità, i glitter colorati in base all’angolo della luce riflessa, creano effetti stellari .",/images/oikos_products/DECORGLITTER-SPECIALEADDITIVOCOLOREOROPERPITTUREEDECORAZIONIEFFETTOGLITTER-90GRAMMI-OIKOS.webp
Oikos,DECORGLITTER - SPECIALE ADDITIVO COLORE ''RAME'' PER PITTURE E DECORAZIONI EFFETTO GLITTER - 90 GRAMMI - OIKOS,"Le stelle in parete , aggiunto alle pitture permette di arricchire il risultato finale dandogli un tocco di originalità, i glitter colorati in base all’angolo della luce riflessa, creano effetti stellari .",/images/oikos_products/DECORGLITTER-SPECIALEADDITIVOCOLORERAMEPERPITTUREEDECORAZIONIEFFETTOGLITTER-90GRAMMI-OIKOS.webp
Oikos,ENCANTO - PITTURA DECORATIVA ALL'ACQUA ECOLOGICA ''GOLD BASE'' PER CREARE SFUMATURE RIFLETTENTI CANGIANTI - 4 LITRI - OIKOS,"ENCANTO è una pittura decorativa ecologica ideale per creare sfumature riflettenti che cambiano in funzione della luce. Dal 2006 l'originale effetto metallizzato in parete, versatile, capace di creare diverse sfumature mantenendo saldi i nostri principi di ecologia e benessere .",/images/oikos_products/ENCANTO-PITTURADECORATIVAALLACQUAECOLOGICAGOLDBASEPERCREARESFUMATURERIFLETTENTICANGIANTI-4LITRI-OIKOS.webp
Oikos,ENCANTO - PITTURA DECORATIVA ALL'ACQUA ECOLOGICA ''GOLD BASE'' PER CREARE SFUMATURE RIFLETTENTI CANGIANTI - 1 LITRO - OIKOS,"ENCANTO è una pittura decorativa ecologica ideale per creare sfumature riflettenti che cambiano in funzione della luce. Dal 2006 l'originale effetto metallizzato in parete, versatile, capace di creare diverse sfumature mantenendo saldi i nostri principi di ecologia e benessere .",/images/oikos_products/ENCANTO-PITTURADECORATIVAALLACQUAECOLOGICAGOLDBASEPERCREARESFUMATURERIFLETTENTICANGIANTI-1LITRO-OIKOS.webp
Oikos,ENCANTO - PITTURA DECORATIVA ALL'ACQUA ECOLOGICA ''BASE GREY'' PER CREARE SFUMATURE RIFLETTENTI CANGIANTI - 4 LITRI - OIKOS,"ENCANTO è una pittura decorativa ecologica ideale per creare sfumature riflettenti che cambiano in funzione della luce. Dal 2006 l'originale effetto metallizzato in parete, versatile, capace di creare diverse sfumature mantenendo saldi i nostri principi di ecologia e benessere .",/images/oikos_products/ENCANTO-PITTURADECORATIVAALLACQUAECOLOGICABASEGREYPERCREARESFUMATURERIFLETTENTICANGIANTI-4LITRI-OIKOS.webp
Oikos,ENCANTO - PITTURA DECORATIVA ALL'ACQUA ECOLOGICA ''BASE GREY'' PER CREARE SFUMATURE RIFLETTENTI CANGIANTI - 1 LITRO - OIKOS,"ENCANTO è una pittura decorativa ecologica ideale per creare sfumature riflettenti che cambiano in funzione della luce. Dal 2006 l'originale effetto metallizzato in parete, versatile, capace di creare diverse sfumature mantenendo saldi i nostri principi di ecologia e benessere .",/images/oikos_products/ENCANTO-PITTURADECORATIVAALLACQUAECOLOGICABASEGREYPERCREARESFUMATURERIFLETTENTICANGIANTI-1LITRO-OIKOS.webp
Oikos,ENCANTO - PITTURA DECORATIVA ALL'ACQUA ECOLOGICA ''NERO BASE'' PER CREARE SFUMATURE RIFLETTENTI CANGIANTI - 4 LITRI - OIKOS,"ENCANTO è una pittura decorativa ecologica ideale per creare sfumature riflettenti che cambiano in funzione della luce. Dal 2006 l'originale effetto metallizzato in parete, versatile, capace di creare diverse sfumature mantenendo saldi i nostri principi di ecologia e benessere .",/images/oikos_products/ENCANTO-PITTURADECORATIVAALLACQUAECOLOGICANEROBASEPERCREARESFUMATURERIFLETTENTICANGIANTI-4LITRI-OIKOS.webp
Oikos,ENCANTO - PITTURA DECORATIVA ALL'ACQUA ECOLOGICA ''NERO BASE'' PER CREARE SFUMATURE RIFLETTENTI CANGIANTI - 1 LITRO - OIKOS,"ENCANTO è una pittura decorativa ecologica ideale per creare sfumature riflettenti che cambiano in funzione della luce. Dal 2006 l'originale effetto metallizzato in parete, versatile, capace di creare diverse sfumature mantenendo saldi i nostri principi di ecologia e benessere .",/images/oikos_products/ENCANTO-PITTURADECORATIVAALLACQUAECOLOGICANEROBASEPERCREARESFUMATURERIFLETTENTICANGIANTI-1LITRO-OIKOS.webp
Oikos,ENCANTO - PITTURA DECORATIVA ALL'ACQUA ECOLOGICA ''ORO BASE'' PER CREARE SFUMATURE RIFLETTENTI CANGIANTI - 4 LITRI - OIKOS,"ENCANTO è una pittura decorativa ecologica ideale per creare sfumature riflettenti che cambiano in funzione della luce. Dal 2006 l'originale effetto metallizzato in parete, versatile, capace di creare diverse sfumature mantenendo saldi i nostri principi di ecologia e benessere .",/images/oikos_products/ENCANTO-PITTURADECORATIVAALLACQUAECOLOGICAOROBASEPERCREARESFUMATURERIFLETTENTICANGIANTI-4LITRI-OIKOS.webp
Oikos,ENCANTO - PITTURA DECORATIVA ALL'ACQUA ECOLOGICA ''ORO BASE'' PER CREARE SFUMATURE RIFLETTENTI CANGIANTI - 1 LITRO - OIKOS,"ENCANTO è una pittura decorativa ecologica ideale per creare sfumature riflettenti che cambiano in funzione della luce. Dal 2006 l'originale effetto metallizzato in parete, versatile, capace di creare diverse sfumature mantenendo saldi i nostri principi di ecologia e benessere .",/images/oikos_products/ENCANTO-PITTURADECORATIVAALLACQUAECOLOGICAOROBASEPERCREARESFUMATURERIFLETTENTICANGIANTI-1LITRO-OIKOS.webp
Oikos,ENCANTO - PITTURA DECORATIVA ALL'ACQUA ECOLOGICA ''ROSSO BASE'' PER CREARE SFUMATURE RIFLETTENTI CANGIANTI - 4 LITRI - OIKOS,"ENCANTO è una pittura decorativa ecologica ideale per creare sfumature riflettenti che cambiano in funzione della luce. Dal 2006 l'originale effetto metallizzato in parete, versatile, capace di creare diverse sfumature mantenendo saldi i nostri principi di ecologia e benessere .",/images/oikos_products/ENCANTO-PITTURADECORATIVAALLACQUAECOLOGICAROSSOBASEPERCREARESFUMATURERIFLETTENTICANGIANTI-4LITRI-OIKOS.webp
Oikos,ENCANTO - PITTURA DECORATIVA ALL'ACQUA ECOLOGICA ''ROSSO BASE'' PER CREARE SFUMATURE RIFLETTENTI CANGIANTI - 1 LITRO - OIKOS,"ENCANTO è una pittura decorativa ecologica ideale per creare sfumature riflettenti che cambiano in funzione della luce. Dal 2006 l'originale effetto metallizzato in parete, versatile, capace di creare diverse sfumature mantenendo saldi i nostri principi di ecologia e benessere .",/images/oikos_products/ENCANTO-PITTURADECORATIVAALLACQUAECOLOGICAROSSOBASEPERCREARESFUMATURERIFLETTENTICANGIANTI-1LITRO-OIKOS.webp
Oikos,ENCANTO - PITTURA DECORATIVA ALL'ACQUA ECOLOGICA ''SILVER BASE'' PER CREARE SFUMATURE RIFLETTENTI CANGIANTI - 4 LITRI - OIKOS,"ENCANTO è una pittura decorativa ecologica ideale per creare sfumature riflettenti che cambiano in funzione della luce. Dal 2006 l'originale effetto metallizzato in parete, versatile, capace di creare diverse sfumature mantenendo saldi i nostri principi di ecologia e benessere .",/images/oikos_products/ENCANTO-PITTURADECORATIVAALLACQUAECOLOGICASILVERBASEPERCREARESFUMATURERIFLETTENTICANGIANTI-4LITRI-OIKOS.webp
Oikos,ENCANTO - PITTURA DECORATIVA ALL'ACQUA ECOLOGICA ''SILVER BASE'' PER CREARE SFUMATURE RIFLETTENTI CANGIANTI - 1 LITRO - OIKOS,"ENCANTO è una pittura decorativa ecologica ideale per creare sfumature riflettenti che cambiano in funzione della luce. Dal 2006 l'originale effetto metallizzato in parete, versatile, capace di creare diverse sfumature mantenendo saldi i nostri principi di ecologia e benessere .",/images/oikos_products/ENCANTO-PITTURADECORATIVAALLACQUAECOLOGICASILVERBASEPERCREARESFUMATURERIFLETTENTICANGIANTI-1LITRO-OIKOS.webp
Oikos,301 BIANCO BIOSUPER - BIOPITTURA MURALE PER INTERNI AD ELEVATA TRASPIRAZIONE E BUONA LAVABILITÀ - 4 LITRI - OIKOS,"Biopittura murale ad elevata traspirazione, consente alla parete di permeare vapore e umidità . Ideale per tutti gli ambienti, in particolare quelli con presenza di umidità non eccessiva.",/images/oikos_products/301BIANCOBIOSUPER-BIOPITTURAMURALEPERINTERNIADELEVATATRASPIRAZIONEEBUONALAVABILITÀ-4LITRI-OIKOS.webp
Oikos,301 BIANCO BIOSUPER - BIOPITTURA MURALE PER INTERNI AD ELEVATA TRASPIRAZIONE E BUONA LAVABILITÀ - 12 LITRI - OIKOS,"Biopittura murale ad elevata traspirazione, consente alla parete di permeare vapore e umidità . Ideale per tutti gli ambienti, in particolare quelli con presenza di umidità non eccessiva.",/images/oikos_products/301BIANCOBIOSUPER-BIOPITTURAMURALEPERINTERNIADELEVATATRASPIRAZIONEEBUONALAVABILITÀ-12LITRI-OIKOS.webp
Oikos,"302 BIANCO BIOLAVABILE - BIOPITTURA PER INTERNI AD ELEVATA LUMINOSITA', LAVABILITA' E TRASPIRAZIONE - 4 LITRI - OIKOS","Biopittura murale con speciale formulazione, conferisce alla parete un bianco particolarmente luminoso, vivace e immutabile nel tempo, oltre a un'ottima traspirabilità. Ideale per tutti gli ambienti, in particolare quelli con presenza di umidità, ma non eccessiva.",/images/oikos_products/302BIANCOBIOLAVABILE-BIOPITTURAPERINTERNIADELEVATALUMINOSITALAVABILITAETRASPIRAZIONE-4LITRI-OIKOS.webp
Oikos,"302 BIANCO BIOLAVABILE - BIOPITTURA PER INTERNI AD ELEVATA LUMINOSITA', LAVABILITA' E TRASPIRAZIONE - 12 LITRI - OIKOS","Biopittura murale con speciale formulazione, conferisce alla parete un bianco particolarmente luminoso, vivace e immutabile nel tempo, oltre a un'ottima traspirabilità. Ideale per tutti gli ambienti, in particolare quelli con presenza di umidità, ma non eccessiva.",/images/oikos_products/302BIANCOBIOLAVABILE-BIOPITTURAPERINTERNIADELEVATALUMINOSITALAVABILITAETRASPIRAZIONE-12LITRI-OIKOS.webp
Oikos,303 BIANCO - BIOPITTURA MURALE PROFUMATA PER INTERNI AD AZIONE RIGENERANTE SULLE SUPERFICI - 4 LITRI - OIKOS,"Biopittura murale profumata ad azione rigenerante sulle superfici , dona freschezza alle pareti con fragranza di brezza marina. Indicata per ambienti rimasti chiusi a lungo o soggetti a cattivi odori .",/images/oikos_products/303BIANCO-BIOPITTURAMURALEPROFUMATAPERINTERNIADAZIONERIGENERANTESULLESUPERFICI-4LITRI-OIKOS.webp
Oikos,303 BIANCO - BIOPITTURA MURALE PROFUMATA PER INTERNI AD AZIONE RIGENERANTE SULLE SUPERFICI - 12 LITRI - OIKOS,"Biopittura murale profumata ad azione rigenerante sulle superfici , dona freschezza alle pareti con fragranza di brezza marina. Indicata per ambienti rimasti chiusi a lungo o soggetti a cattivi odori .",/images/oikos_products/303BIANCO-BIOPITTURAMURALEPROFUMATAPERINTERNIADAZIONERIGENERANTESULLESUPERFICI-12LITRI-OIKOS.webp
Oikos,304 BIANCO BIOCOPRITUTTO - BIOPITTURA MURALE AD ALTO POTERE COPRENTE PER APPLICAZIONI DIRETTE SU CARTONGESSO - 4 LITRI - OIKOS,"Biopittura ad alto potere coprente , copre efficacemente anche pareti colorate con tinte vivaci o scure con una sola applicazione di prodotto. Indicata anche per applicazione diretta su cartongesso e supporti problematici .",/images/oikos_products/304BIANCOBIOCOPRITUTTO-BIOPITTURAMURALEADALTOPOTERECOPRENTEPERAPPLICAZIONIDIRETTESUCARTONGESSO-4LITRI-OIKOS.webp
Oikos,304 BIANCO BIOCOPRITUTTO - BIOPITTURA MURALE AD ALTO POTERE COPRENTE PER APPLICAZIONI DIRETTE SU CARTONGESSO - 12 LITRI - OIKOS,"Biopittura ad alto potere coprente , copre efficacemente anche pareti colorate con tinte vivaci o scure con una sola applicazione di prodotto. Indicata anche per applicazione diretta su cartongesso e supporti problematici .",/images/oikos_products/304BIANCOBIOCOPRITUTTO-BIOPITTURAMURALEADALTOPOTERECOPRENTEPERAPPLICAZIONIDIRETTESUCARTONGESSO-12LITRI-OIKOS.webp
Oikos,305 BIANCO BIOLAVABILE - BIOPITTURA MURALE CON OTTIMA LAVABILITA' PER AMBIENTI UMIDI E SOGGETTI ALLO SPORCO - 4 LITRI - OIKOS,"Biopittura murale con ottima lavabilità, indicata anche per ambienti molto umidi e particolarmente soggetti allo sporco , come bagni, cucine, corridoi e scale, dove garantisce la massima salubrità.",/images/oikos_products/305BIANCOBIOLAVABILE-BIOPITTURAMURALECONOTTIMALAVABILITAPERAMBIENTIUMIDIESOGGETTIALLOSPORCO-4LITRI-OIKOS.webp
Oikos,305 BIANCO BIOLAVABILE - BIOPITTURA MURALE CON OTTIMA LAVABILITA' PER AMBIENTI UMIDI E SOGGETTI ALLO SPORCO - 1 LITRO - OIKOS,"Biopittura murale con ottima lavabilità, indicata anche per ambienti molto umidi e particolarmente soggetti allo sporco , come bagni, cucine, corridoi e scale, dove garantisce la massima salubrità.",/images/oikos_products/305BIANCOBIOLAVABILE-BIOPITTURAMURALECONOTTIMALAVABILITAPERAMBIENTIUMIDIESOGGETTIALLOSPORCO-1LITRO-OIKOS.webp
Oikos,305 BIANCO BIOLAVABILE - BIOPITTURA MURALE CON OTTIMA LAVABILITA' PER AMBIENTI UMIDI E SOGGETTI ALLO SPORCO - 12 LITRI - OIKOS,"Biopittura murale con ottima lavabilità, indicata anche per ambienti molto umidi e particolarmente soggetti allo sporco , come bagni, cucine, corridoi e scale, dove garantisce la massima salubrità.",/images/oikos_products/305BIANCOBIOLAVABILE-BIOPITTURAMURALECONOTTIMALAVABILITAPERAMBIENTIUMIDIESOGGETTIALLOSPORCO-12LITRI-OIKOS.webp
Oikos,306 BIANCO BIOANTIMUFFA - BIOPITTURA ANTIMUFFA PER INTERNI AD ELEVATA AZIONE SANIFICANTE - 4 LITRI - OIKOS,"Biopittura murale antimuffa per interni ad elevata azione sanificante. Efficace anche su pareti già interessate da muffe estese, utilizzabile per ripristinare la salubrità delle superfici ed eliminare la muffa. Ideale per ambienti molto umidi e poco areati .",/images/oikos_products/306BIANCOBIOANTIMUFFA-BIOPITTURAANTIMUFFAPERINTERNIADELEVATAAZIONESANIFICANTE-4LITRI-OIKOS.webp
Oikos,306 BIANCO BIOANTIMUFFA - BIOPITTURA ANTIMUFFA PER INTERNI AD ELEVATA AZIONE SANIFICANTE - 12 LITRI - OIKOS,"Biopittura murale antimuffa per interni ad elevata azione sanificante. Efficace anche su pareti già interessate da muffe estese, utilizzabile per ripristinare la salubrità delle superfici ed eliminare la muffa. Ideale per ambienti molto umidi e poco areati .",/images/oikos_products/306BIANCOBIOANTIMUFFA-BIOPITTURAANTIMUFFAPERINTERNIADELEVATAAZIONESANIFICANTE-12LITRI-OIKOS.webp
Oikos,307 BIANCO BIOPITTURA PRONTA ALL'USO - BIOPITTURA MURALE PER OGNI TIPO DI AMBIENTE E ALTAMENTE COPRENTE - 4 LITRI - OIKOS,"Biopittura murale per qualunque tipo di ambiente, di facile applicazione, pronta all'uso e altamente coprente , copre con poche applicazioni anche pareti precedentemente colorate con tinte vivaci e scure.",/images/oikos_products/307BIANCOBIOPITTURAPRONTAALLUSO-BIOPITTURAMURALEPEROGNITIPODIAMBIENTEEALTAMENTECOPRENTE-4LITRI-OIKOS.webp
Oikos,307 BIANCO BIOPITTURA PRONTA ALL'USO - BIOPITTURA MURALE PER OGNI TIPO DI AMBIENTE E ALTAMENTE COPRENTE - 12 LITRI - OIKOS,"Biopittura murale per qualunque tipo di ambiente, di facile applicazione, pronta all'uso e altamente coprente , copre con poche applicazioni anche pareti precedentemente colorate con tinte vivaci e scure.",/images/oikos_products/307BIANCOBIOPITTURAPRONTAALLUSO-BIOPITTURAMURALEPEROGNITIPODIAMBIENTEEALTAMENTECOPRENTE-12LITRI-OIKOS.webp
Oikos,"308 BIANCO BIOSUPERLAVABILE - BIOPITTURA MURALE PER INTERNI SUPERCOPRENTE, SUPERLAVABILE E SUPERTRASPIRANTE - 4 LITRI - OIKOS","Biopittura murale per interni supercoprente, superlavabile e supertraspirante . La resa elevata garantisce un ottimo rapporto qualità/prezzo/prestazioni.",/images/oikos_products/308BIANCOBIOSUPERLAVABILE-BIOPITTURAMURALEPERINTERNISUPERCOPRENTESUPERLAVABILEESUPERTRASPIRANTE-4LITRI-OIKOS.webp
Oikos,"308 BIANCO BIOSUPERLAVABILE - BIOPITTURA MURALE PER INTERNI SUPERCOPRENTE, SUPERLAVABILE E SUPERTRASPIRANTE - 12 LITRI - OIKOS","Biopittura murale per interni supercoprente, superlavabile e supertraspirante . La resa elevata garantisce un ottimo rapporto qualità/prezzo/prestazioni.",/images/oikos_products/308BIANCOBIOSUPERLAVABILE-BIOPITTURAMURALEPERINTERNISUPERCOPRENTESUPERLAVABILEESUPERTRASPIRANTE-12LITRI-OIKOS.webp
Oikos,309 BIANCO BIOPITTURA VELLUTATA - BIOPITTURA MURALE CON FINITURA VELLUTATA IDEALE PER AMBIENTI DI PREGIO - 4 LITRI - OIKOS,"Biopittura murale per interni che permette di ottenere una gradevolissima finitura vellutata al tatto, opaca, ideale per ambienti di pregio e rappresentanza, soggiorno e camere da letto, anche per trattamenti con rasatura e stucco.",/images/oikos_products/309BIANCOBIOPITTURAVELLUTATA-BIOPITTURAMURALECONFINITURAVELLUTATAIDEALEPERAMBIENTIDIPREGIO-4LITRI-OIKOS.webp
Oikos,309 BIANCO BIOPITTURA VELLUTATA - BIOPITTURA MURALE CON FINITURA VELLUTATA IDEALE PER AMBIENTI DI PREGIO - 12 LITRI - OIKOS,"Biopittura murale per interni che permette di ottenere una gradevolissima finitura vellutata al tatto, opaca, ideale per ambienti di pregio e rappresentanza, soggiorno e camere da letto, anche per trattamenti con rasatura e stucco.",/images/oikos_products/309BIANCOBIOPITTURAVELLUTATA-BIOPITTURAMURALECONFINITURAVELLUTATAIDEALEPERAMBIENTIDIPREGIO-12LITRI-OIKOS.webp
Oikos,310 BIANCO BIOSMACCHIABILE OPACO - SMALTO MURALE OPACO AD IMBATTIBILE LAVABILITA' E SUPER COPRENTE - 4 LITRI - OIKOS,"Smalto murale opaco, caratterizzato da imbattibile lavabilità, conferisce alla parete la capacità di resistere nel tempo all'usura e allo sfregamento .",/images/oikos_products/310BIANCOBIOSMACCHIABILEOPACO-SMALTOMURALEOPACOADIMBATTIBILELAVABILITAESUPERCOPRENTE-4LITRI-OIKOS.webp
Oikos,310 BIANCO BIOSMACCHIABILE OPACO - SMALTO MURALE OPACO AD IMBATTIBILE LAVABILITA' E SUPER COPRENTE - 1 LITRO - OIKOS,"Smalto murale opaco, caratterizzato da imbattibile lavabilità, conferisce alla parete la capacità di resistere nel tempo all'usura e allo sfregamento .",/images/oikos_products/310BIANCOBIOSMACCHIABILEOPACO-SMALTOMURALEOPACOADIMBATTIBILELAVABILITAESUPERCOPRENTE-1LITRO-OIKOS.webp
Oikos,310 BIANCO BIOSMACCHIABILE OPACO - SMALTO MURALE OPACO AD IMBATTIBILE LAVABILITA' E SUPER COPRENTE - 12 LITRI - OIKOS,"Smalto murale opaco, caratterizzato da imbattibile lavabilità, conferisce alla parete la capacità di resistere nel tempo all'usura e allo sfregamento .",/images/oikos_products/310BIANCOBIOSMACCHIABILEOPACO-SMALTOMURALEOPACOADIMBATTIBILELAVABILITAESUPERCOPRENTE-12LITRI-OIKOS.webp
Oikos,311 BIANCO BIOSMACCHIABILE SATINATO - SMALTO MURALE SATINATO AD IMBATTIBILE LAVABILITA' E SUPER COPRENTE - 4 LITRI - OIKOS,"Smalto murale satinato, caratterizzato da imbattibile lavabilità, conferisce alla parete la capacità di resistere nel tempo all'usura e allo sfregamento.",/images/oikos_products/311BIANCOBIOSMACCHIABILESATINATO-SMALTOMURALESATINATOADIMBATTIBILELAVABILITAESUPERCOPRENTE-4LITRI-OIKOS.webp
Oikos,311 BIANCO BIOSMACCHIABILE SATINATO - SMALTO MURALE SATINATO AD IMBATTIBILE LAVABILITA' E SUPER COPRENTE - 12 LITRI - OIKOS,"Smalto murale satinato, caratterizzato da imbattibile lavabilità, conferisce alla parete la capacità di resistere nel tempo all'usura e allo sfregamento .",/images/oikos_products/311BIANCOBIOSMACCHIABILESATINATO-SMALTOMURALESATINATOADIMBATTIBILELAVABILITAESUPERCOPRENTE-12LITRI-OIKOS.webp
Oikos,311 BIANCO BIOSMACCHIABILE SATINATO - SMALTO MURALE SATINATO AD IMBATTIBILE LAVABILITA' E SUPER COPRENTE - 1 LITRO - OIKOS,"Smalto murale satinato, caratterizzato da imbattibile lavabilità, conferisce alla parete la capacità di resistere nel tempo all'usura e allo sfregamento.",/images/oikos_products/311BIANCOBIOSMACCHIABILESATINATO-SMALTOMURALESATINATOADIMBATTIBILELAVABILITAESUPERCOPRENTE-1LITRO-OIKOS.webp
Oikos,312 BIANCO BIOSMACCHIABILE LUCIDO - SMALTO MURALE LUCIDO AD IMBATTIBILE LAVABILITA' E SUPER COPRENTE - 4 LITRI - OIKOS,"Smalto murale lucido, caratterizzato da imbattibile lavabilità, conferisce alla parete la capacità di resistere nel tempo all'usura e allo sfregamento.",/images/oikos_products/312BIANCOBIOSMACCHIABILELUCIDO-SMALTOMURALELUCIDOADIMBATTIBILELAVABILITAESUPERCOPRENTE-4LITRI-OIKOS.webp
Oikos,312 BIANCO BIOSMACCHIABILE LUCIDO - SMALTO MURALE LUCIDO AD IMBATTIBILE LAVABILITA' E SUPER COPRENTE - 1 LITRO - OIKOS,"Smalto murale lucido, caratterizzato da imbattibile lavabilità, conferisce alla parete la capacità di resistere nel tempo all'usura e allo sfregamento.",/images/oikos_products/312BIANCOBIOSMACCHIABILELUCIDO-SMALTOMURALELUCIDOADIMBATTIBILELAVABILITAESUPERCOPRENTE-1LITRO-OIKOS.webp
Oikos,312 BIANCO BIOSMACCHIABILE LUCIDO - SMALTO MURALE LUCIDO AD IMBATTIBILE LAVABILITA' E SUPER COPRENTE - 12 LITRI - OIKOS,"Smalto murale lucido, caratterizzato da imbattibile lavabilità, conferisce alla parete la capacità di resistere nel tempo all'usura e allo sfregamento.",/images/oikos_products/312BIANCOBIOSMACCHIABILELUCIDO-SMALTOMURALELUCIDOADIMBATTIBILELAVABILITAESUPERCOPRENTE-12LITRI-OIKOS.webp
Oikos,"313 BIANCO BIOSMALTO OPACO - SMALTO ALL'ACQUA INODORE IDEALE PER QUALSIASI TIPO DI SUPPORTO E SUPERFICIE - 0,75 LITRI - OIKOS","313 Biosmalto opaco è uno smalto all'acqua, inodore, supercoprente, che può essere applicato su qualunque tipo di supporto e superfice ottenendo eccellenti risultati: legno, ferro, lamiere zincate, plastica, pvc e altri materiali.",/images/oikos_products/313BIANCOBIOSMALTOOPACO-SMALTOALLACQUAINODOREIDEALEPERQUALSIASITIPODISUPPORTOESUPERFICIE-075LITRI-OIKOS.webp
Oikos,"313 BIANCO BIOSMALTO OPACO - SMALTO ALL'ACQUA INODORE IDEALE PER QUALSIASI TIPO DI SUPPORTO E SUPERFICIE - 2,25 LITRI - OIKOS","313 Biosmalto opaco è uno smalto all'acqua, inodore, supercoprente, che può essere applicato su qualunque tipo di supporto e superfice ottenendo eccellenti risultati: legno, ferro, lamiere zincate, plastica, pvc e altri materiali.",/images/oikos_products/313BIANCOBIOSMALTOOPACO-SMALTOALLACQUAINODOREIDEALEPERQUALSIASITIPODISUPPORTOESUPERFICIE-225LITRI-OIKOS.webp
Oikos,"314 BIANCO BIOSMALTO SATINATO - SMALTO ALL'ACQUA INODORE IDEALE PER QUALSIASI TIPO DI SUPPORTO E SUPERFICIE - 0,75 LITRI - OIKOS","314 Biosmalto satinato è uno smalto all'acqua, inodore, supercoprente, che può essere applicato su qualunque tipo di supporto e superfice ottenendo eccellenti risultati: legno, ferro, lamiere zincate, plastica, pvc e altri materiali.",/images/oikos_products/314BIANCOBIOSMALTOSATINATO-SMALTOALLACQUAINODOREIDEALEPERQUALSIASITIPODISUPPORTOESUPERFICIE-075LITRI-OIKOS.webp
Oikos,"314 BIANCO BIOSMALTO SATINATO - SMALTO ALL'ACQUA INODORE IDEALE PER QUALSIASI TIPO DI SUPPORTO E SUPERFICIE - 2,25 LITRI - OIKOS","314 Biosmalto satinato è uno smalto all'acqua, inodore, supercoprente, che può essere applicato su qualunque tipo di supporto e superfice ottenendo eccellenti risultati: legno, ferro, lamiere zincate, plastica, pvc e altri materiali.",/images/oikos_products/314BIANCOBIOSMALTOSATINATO-SMALTOALLACQUAINODOREIDEALEPERQUALSIASITIPODISUPPORTOESUPERFICIE-225LITRI-OIKOS.webp
Oikos,"315 BIANCO BIOSMALTO LUCIDO - SMALTO ALL'ACQUA INODORE IDEALE PER QUALSIASI TIPO DI SUPPORTO E SUPERFICIE - 0,75 LITRI - OIKOS","315 Biosmalto lucido è uno smalto all'acqua, inodore, supercoprente, che può essere applicato su qualunque tipo di supporto e superfice ottenendo eccellenti risultati: legno, ferro, lamiere zincate, plastica, pvc e altri materiali.",/images/oikos_products/315BIANCOBIOSMALTOLUCIDO-SMALTOALLACQUAINODOREIDEALEPERQUALSIASITIPODISUPPORTOESUPERFICIE-075LITRI-OIKOS.webp
Oikos,"315 BIANCO BIOSMALTO LUCIDO - SMALTO ALL'ACQUA INODORE IDEALE PER QUALSIASI TIPO DI SUPPORTO E SUPERFICIE - 2,25 LITRI - OIKOS","315 Biosmalto lucido è uno smalto all'acqua, inodore, supercoprente, che può essere applicato su qualunque tipo di supporto e superfice ottenendo eccellenti risultati: legno, ferro, lamiere zincate, plastica, pvc e altri materiali.",/images/oikos_products/315BIANCOBIOSMALTOLUCIDO-SMALTOALLACQUAINODOREIDEALEPERQUALSIASITIPODISUPPORTOESUPERFICIE-225LITRI-OIKOS.webp
Oikos,"440 - ECOMATERIA DECORATIVA BIANCA ECOLOGICA TRASPIRANTE CON EFFETTO TRAME TESSUTO PER INTERNI - 2,5 LITRI - OIKOS",440 è l’ecomateria decorativa per interni ecologica a base di speciali resine in dispersione acquosa e riempitivi particolari.,/images/oikos_products/440-ECOMATERIADECORATIVABIANCAECOLOGICATRASPIRANTECONEFFETTOTRAMETESSUTOPERINTERNI-25LITRI-OIKOS.webp
Oikos,"420 BIOMARMORINO OPACO - BIODECORATIVO BIANCO TRASPIRANTE A BASE DI GRASSELLO DI CALCE PER INTERNI E ESTERNI - 2,5 KG - OIKOS",420 BioMarmorino Opaco è un Biodecorativo per esterni ed interni traspirante a base di grassello di calce.,/images/oikos_products/420BIOMARMORINOOPACO-BIODECORATIVOBIANCOTRASPIRANTEABASEDIGRASSELLODICALCEPERINTERNIEESTERNI-25KG-OIKOS.webp
Oikos,420 BIOMARMORINO OPACO - BIODECORATIVO BIANCO TRASPIRANTE A BASE DI GRASSELLO DI CALCE PER INTERNI E ESTERNI - 15 KG - OIKOS,420 BioMarmorino Opaco è un Biodecorativo per esterni ed interni traspirante a base di grassello di calce.,/images/oikos_products/420BIOMARMORINOOPACO-BIODECORATIVOBIANCOTRASPIRANTEABASEDIGRASSELLODICALCEPERINTERNIEESTERNI-15KG-OIKOS.webp
Oikos,"430 BIOPIETRA TRAVERTINO - BIODECORATIVO BIANCO RIEMPITIVO PRONTO ALL'USO A BASE MARMO PER INTERNI E ESTERNI - 2,5 KG - OIKOS","430 BioPietra Travertino è un Biodecorativo riempitivo, per esterni ed interni, pronto all’uso , a base di sabbie, granulati di marmo selezionati e grassello di calce stagionato.",/images/oikos_products/430BIOPIETRATRAVERTINO-BIODECORATIVOBIANCORIEMPITIVOPRONTOALLUSOABASEMARMOPERINTERNIEESTERNI-25KG-OIKOS.webp
Oikos,430 BIOPIETRA TRAVERTINO - BIODECORATIVO BIANCO RIEMPITIVO PRONTO ALL'USO A BASE MARMO PER INTERNI E ESTERNI - 15 KG - OIKOS,"430 BioPietra Travertino è un Biodecorativo riempitivo, per esterni ed interni, pronto all’uso , a base di sabbie, granulati di marmo selezionati e grassello di calce stagionato.",/images/oikos_products/430BIOPIETRATRAVERTINO-BIODECORATIVOBIANCORIEMPITIVOPRONTOALLUSOABASEMARMOPERINTERNIEESTERNI-15KG-OIKOS.webp
Oikos,450 BIOSETA VERTICALE - BIODECORATIVO BIANCO LAVABILE AD EFFETTO SETA CON RIFLESSI CANGIANTI - 1 LITRO - OIKOS,450 BioSeta Verticale è un BioDecorativo ad effetto seta con riflessi variabili in base all’intensità della luce.,/images/oikos_products/450BIOSETAVERTICALE-BIODECORATIVOBIANCOLAVABILEADEFFETTOSETACONRIFLESSICANGIANTI-1LITRO-OIKOS.webp
Oikos,"450 BIOSETA VERTICALE - BIODECORATIVO BIANCO LAVABILE AD EFFETTO SETA CON RIFLESSI CANGIANTI - 2,5 LITRI - OIKOS",450 BioSeta Verticale è un BioDecorativo ad effetto seta con riflessi variabili in base all’intensità della luce.,/images/oikos_products/450BIOSETAVERTICALE-BIODECORATIVOBIANCOLAVABILEADEFFETTOSETACONRIFLESSICANGIANTI-25LITRI-OIKOS.webp
Oikos,460 BIOSABBIA METALLIZZATA - BIODECORATIVO BIANCO ALL'ACQUA CON ACCENTI CROMATICI METALLIZZATI - 1 LITRO - OIKOS,460 BioSabbia Metallizzata è un BioDecorativo all’acqua con accenti cromatici metallizzati .,/images/oikos_products/460BIOSABBIAMETALLIZZATA-BIODECORATIVOBIANCOALLACQUACONACCENTICROMATICIMETALLIZZATI-1LITRO-OIKOS.webp
Oikos,"460 BIOSABBIA METALLIZZATA - BIODECORATIVO BIANCO ALL'ACQUA CON ACCENTI CROMATICI METALLIZZATI - 2,5 LITRO - OIKOS",460 BioSabbia Metallizzata è un BioDecorativo all’acqua con accenti cromatici metallizzati .,/images/oikos_products/460BIOSABBIAMETALLIZZATA-BIODECORATIVOBIANCOALLACQUACONACCENTICROMATICIMETALLIZZATI-25LITRO-OIKOS.webp
Oikos,470 BIOVELLUTO NATURALE - BIODECORATIVO EFFETTO VELLUTO DI SETA PER RICHIAMARE MORBIDEZZA SULLA PARETE - 1 LITRO - OIKOS,470 BioVelluto Naturale è un BioDecorativo il cui effetto richiama sulla parete la morbidezza del velluto di seta .,/images/oikos_products/470BIOVELLUTONATURALE-BIODECORATIVOEFFETTOVELLUTODISETAPERRICHIAMAREMORBIDEZZASULLAPARETE-1LITRO-OIKOS.webp
Oikos,"470 BIOVELLUTO NATURALE - BIODECORATIVO EFFETTO VELLUTO DI SETA PER RICHIAMARE MORBIDEZZA SULLA PARETE - 2,5 LITRI - OIKOS",470 BioVelluto Naturale è un BioDecorativo il cui effetto richiama sulla parete la morbidezza del velluto di seta .,/images/oikos_products/470BIOVELLUTONATURALE-BIODECORATIVOEFFETTOVELLUTODISETAPERRICHIAMAREMORBIDEZZASULLAPARETE-25LITRI-OIKOS.webp
Oikos,BETONCRYLL - PROTETTIVO PER CALCESTRUZZO TRASPARENTE AD EFFETTO BAGNATO IDONEO ANCHE SU MURATURA O PIETRA - 1 LITRO - OIKOS,"BETONCRYLL è un protettivo per calcestruzzo, trasparente ad effetto bagnato. Forma uno strato protettivo impermeabile, resistente ai cicli di gelo e disgelo, alla basicità del calcestruzzo e alla penetrazione dei gas CO2 e SO2 , presenti nello smog e nelle piogge, responsabili della carbonatazione e arrugginimento dell'armatura in ferro. Idoneo anche su muratura, fibrocemento o pietra .",/images/oikos_products/BETONCRYLL-PROTETTIVOPERCALCESTRUZZOTRASPARENTEADEFFETTOBAGNATOIDONEOANCHESUMURATURAOPIETRA-1LITRO-OIKOS.webp
Oikos,"WATINS LUX - PROTETTIVO TRASPARENTE LUCIDO PER PROTEGGERE TUTTE LE SUPERFICI INTERNE DALLO SPORCO - 2,25 LITRI - OIKOS",WATINS LUX è un protettivo trasparente per tutte le superfici interne . Protegge dallo sporco in versione lucida o satinata.,/images/oikos_products/WATINSLUX-PROTETTIVOTRASPARENTELUCIDOPERPROTEGGERETUTTELESUPERFICIINTERNEDALLOSPORCO-225LITRI-OIKOS.webp
Oikos,STERYLGEL - IGIENIZZANTE PER LE MANI AD USO FREQUENTE CHE NON UNGE E NON MACCHIA - 500 ML - OIKOS,"STERYLGEL è un igienizzante per le mani ad uso frequente . Si utilizza senz’acqua, è pratico, immediato, ideale per igienizzare le mani in ogni situazione della giornata, a casa e fuori casa. Lascia le mani pulite e morbide. Non unge e non macchia .",/images/oikos_products/STERYLGEL-IGIENIZZANTEPERLEMANIADUSOFREQUENTECHENONUNGEENONMACCHIA-500ML-OIKOS.webp
Oikos,"250 BIOFISSATIVO ALTA ADESIONE - AGGRAPPANTE ECO ACRILICO PER SUPPORTI NON POROSI E DI DIFFICILE ADESIONE - 0,75 LITRI - OIKOS","250 BIOFISSATIVO ALTA ADESIONE è uno speciale aggrappante ecologico acrilico , ideale per supporti non porosi e di difficile aggrappaggio, quali lamiere zincate, laminati plastici, alluminio e PVC. Il prodotto è sovraverniciabile con smalti e prodotti decorativi , possiede basso odore e non è infiammabile .",/images/oikos_products/250BIOFISSATIVOALTAADESIONE-AGGRAPPANTEECOACRILICOPERSUPPORTINONPOROSIEDIDIFFICILEADESIONE-075LITRI-OIKOS.webp
Oikos,RAFFAELLO DECORSTUCCO - CLASSICO STUCCO DECORATIVO ECOLOGICO BIANCO A BASE DI CALCE NATURALE - 1 KG - OIKOS,RAFFAELLO DECORSTUCCO è un c lassico stucco decorativo che rievoca la bellezza ed il fascino della cultura rinascimentale italiana donando ricchezza ed eleganza ad ogni tipo di ambiente.,/images/oikos_products/RAFFAELLODECORSTUCCO-CLASSICOSTUCCODECORATIVOECOLOGICOBIANCOABASEDICALCENATURALE-1KG-OIKOS.webp
Oikos,"WATINS LUX - PROTETTIVO TRASPARENTE LUCIDO PER PROTEGGERE TUTTE LE SUPERFICI INTERNE DALLO SPORCO - 0,75 LITRI - OIKOS",WATINS LUX è un protettivo trasparente per tutte le superfici interne . Protegge dallo sporco in versione lucida o satinata.,/images/oikos_products/WATINSLUX-PROTETTIVOTRASPARENTELUCIDOPERPROTEGGERETUTTELESUPERFICIINTERNEDALLOSPORCO-075LITRI-OIKOS.webp
Oikos,"NOVALIS ECOSMALTO THERMO - SMALTO ACRILICO ECOLOGICO BIANCO RESTISTENTE ALLE ALTE TEMPERATURE PER RADIATORI - 0,75 LITRI - OIKOS","Smalto acrilico ecologico per radiatori in ghisa, resistente alle alte temperature . Grazie alla sua speciale formulazione è uno smalto facile da usare , non gocciola e non cola durante l'applicazione, presenta grande adesione al supporto , ottima copertura , dilatazione e resistenza all'abrasione ed al lavaggio .",/images/oikos_products/NOVALISECOSMALTOTHERMO-SMALTOACRILICOECOLOGICOBIANCORESTISTENTEALLEALTETEMPERATUREPERRADIATORI-075LITRI-OIKOS.webp
