marca,name,descrizione,image_url
spit,PROLINE 160 - Compressore PROLINE 160 - capacità 6 litri - pressione max 8 bar,"Caratteristiche e vantaggi:
Maneggevole grazie al peso ridotto
Facile da trasportare con la maniglia ad impugnatura larga
Dotato di piedini in gomma antiurto
Veloce riempimento d'aria nel serbatoio
Oiless per elevate performance a basse temperature",/images/spit_prodotti_2/PROLINE160-CompressorePROLINE160-capacità6litri-pressionemax8bar.webp
spit,"IM 45 CW LITIO - Chiodatrice a gas/batteria per chiodi elettrosaldati 16°, da 22 a 35 mm di lunghezza","Caratteristiche e vantaggi:
Batteria al litio a ricarica rapida: fino a 4.200 chiodi per carica completa (1h 30m)
Ideale per superfici sino a 200-250 mq e per lavori di manutenzione/riparazione
Regolazione di profondità per la corretta infissione del chiodo
Dimensioni contenute, ben bilanciata, maneggevole
Sistema a caricamento rapido, capacità caricatore 125 chiodi
Impugnatura gommata, ergonomica e antiscivolo",/images/spit_prodotti_2/IM45CWLITIO-Chiodatriceagasbatteriaperchiodielettrosaldati16da22a35mmdilunghezza.webp
spit,"IM 45 GN LITIO - Chiodatrice a gas/batteria per chiodi nastrati in plastica 0°, da 25 a 45 mm di lunghezza","Caratteristiche e vantaggi:
Versatile, vasta gamma di chiodi rullati, chiodi per cartongesso e Nailscrew
Sistema di nastratura in plastica 0°: il chiodo fissato non riporta detriti o frammenti
Capacità caricatore 125 chiodi
Regolatore di profondità per la corretta infissione del chiodo
Sistema LNL: ultimati i chiodi la macchina diventa inoperativa sino a nuova ricarica
Puntale removibile in materiale plastico per operare su superfici delicate
Attrezzo indicato per operare in spazi ristretti e negli angoli
Caricatore trasparente per rendere visibile la rimanente quantità di chiodi nel rotolo",/images/spit_prodotti_2/IM45GNLITIO-Chiodatriceagasbatteriaperchiodinastratiinplastica0da25a45mmdilunghezza.webp
spit,"IM90Xi Litio - Chiodatrice a gas/batteria per chiodi nastrati su carta 34°, da 50 a 90 mm di lunghezza","Il sistema di chiodatura a batteria più affidabile, confortevole e ad alte prestazioni per le applicazioni di carpentieri e tetti
Caratteristiche e vantaggi:
L'innovativo sistema Start & Go consente fino al 25% di fissaggi in più per ogni carica di batteria
Indicatori livello di gas e batteria: funzionalità dell'attrezzo sempre sotto controllo
Caricamento batteria estremamente rapido: 13.000 chiodi fissati con batteria completamente carica (90 min.)
Elevate prestazioni anche alle basse temperature: funziona fino a -15C°
Il miglior rapporto peso/potenza
Ridotta pressione per attivare meccanismo di chiodatura, minore fatica
Puntale dentato, facilità di tiro in obliquo
Regolatore di profondità per l'idonea infissione del chiodo
Impugnatura gommata antiscivolo per una presa salda e confortevole",/images/spit_prodotti_2/IM90XiLitio-Chiodatriceagasbatteriaperchiodinastratisucarta34da50a90mmdilunghezza.webp
spit,"PPN50Xi Litio - Chiodatrice a gas/batteria positive placement per chiodi nastrati su carta 34°, da 50 a 60 mm di lunghezza","Caratteristiche e vantaggi:
100% autonoma, senza cavi elettrici o del compressore, per una totale mobilità
Batteria al litio a ricarica rapida, fino a 13.000 fissaggi a piena carica. Molteplici giorni di cantiere con 1 sola carica.
Il miglior rapporto peso/potenza. Decisamente più comfortevole rispetto alle chiodatrici a sola batteria.
L'innovativo sistema Start & Go consente fino al 25% di fissaggi in più per ogni carica di batteria
Il puntale autocentrante assicura il preciso e veloce posizionamento dei chiodi
Utilizza chiodi Anker rullati induriti (Hardflex) di alta qualità
Indicatore di autonomia di gas e batteria
Elevate prestazioni anche alle basse temperature: da -15°C a +49 °C
Regolatore di profondità di facile utilizzo per il fissaggio ottimale
Impugnatura gommata: ergonomica ed antiscivolo anche con utilizzo di guanti",/images/spit_prodotti_2/PPN50XiLitio-Chiodatriceagasbatteriapositiveplacementperchiodinastratisucarta34da50a60mmdilunghezza.webp
spit,"IM100Xi Litio - Chiodatrice a gas/batteria per chiodi nastrati su carta 34°, da 63 a 100 mm di lunghezza","Il sistema di chiodatura cordless più affidabile, comodo e ad alte prestazioni per applicazioni multiple di carpentieri e conciatetti fino a 100 mm
Caratteristiche e vantaggi:
Nessuna carica giornaliera: fino a 5 tetti con 1 carica della batteria
Massima ergonomia, nessuna fatica: solleva fino a 3 tonnellate in meno per tetto grazie a uno strumento leggero e ben bilanciato.
Strumento multiuso: gamma completa di accessori e dispositivi di fissaggio fino a 100 mm di lunghezza
Nessun fermo macchina nei cantieri: tecnologia affidabile e collaudata da oltre 30 anni
Utilizzo in qualsiasi condizione atmosferica: temperatura di lavoro da -15°C a +49°C.Nessuna mancanza di energia durante le sessioni di lavoro: l'indicatore di potenza mostra rapidamente la potenza e il carburante rimanenti
Finitura perfetta e uniforme: facile regolazione della profondità di azionamento
Compatibile con destrimani e mancini: la cintura bifunzionale e il gancio per trave possono essere posizionati su entrambi i lati",/images/spit_prodotti_2/IM100XiLitio-Chiodatriceagasbatteriaperchiodinastratisucarta34da63a100mmdilunghezza.webp
spit,"COMBI Xi - Chiodatrice a gas senza filo per chiodi in striscia di carta da 34° da 50 a 90 mm, incluso caricatore e sonda su misura per chiodi di connettori metallici da 35 a 50 mm","L'unica chiodatrice 2 in 1 per applicazioni strutturali e installazione di connettori metallici
Caratteristiche e vantaggi:
105 Joule di potenza, in grado di piantare chiodi per carpenteria da 51 a 90 mm e chiodi elicoidali temprati;
Il primo utensile 2 in 1 al mondo: tutto in un'unica scatola, occupa meno spazio nel furgone, tutto ciò di cui hai bisogno in un'unica valigetta per applicazioni di carpenteria e lavorazione dei metalli;
Caricatori e naselli a sgancio rapido: non servono attrezzi per passare dalle applicazioni di intelaiatura a quelle di lavorazione dei metalli;
Per la lavorazione dei metalli, 6 volte più veloce della chiodatura manuale, con sonda nasale auto-localizzante per una precisione millimetrica, riduce l'affaticamento e gli infortuni personali e consente una migliore accessibilità nelle aree difficili da raggiungere;
Batteria al litio ad alte prestazioni e ricarica rapida (200 fissaggi in soli 2 minuti), che consente di effettuare fino a 13.000 fissaggi per carica, equivalenti a oltre 5 pacchi di bombolette per chiodi;
Le prestazioni in climi freddi consentono all'utente di lavorare fino a -15°C.",/images/spit_prodotti_2/COMBIXi-Chiodatriceagassenzafiloperchiodiinstrisciadicartada34da50a90mminclusocaricatoreesondasumisuraperchiodidiconnettorimetallicida35a50mm.webp
spit,LITHIUM BATTERY - Batteria ad alta capacità per chiodatrici strutturali Ci e chiodatrici da finitura al litio,,/images/spit_prodotti_2/LITHIUMBATTERY-BatteriaadaltacapacitàperchiodatricistrutturaliCiechiodatricidafinituraallitio.webp
spit,CARICA BATTERIA IMPULSE LITIO,,/images/spit_prodotti_2/CARICABATTERIAIMPULSELITIO.webp
spit,ADATTATORI AC/DC - Alimentatore AC/DC per carica-batteria di chiodatrici cordless Spit o Paslode,,/images/spit_prodotti_2/ADATTATORIACDC-AlimentatoreACDCpercarica-batteriadichiodatricicordlessSpitoPaslode.webp
spit,IMPULSE & PULSA OIL - Olio per Impulse e Pulsa da 115 ml,,/images/spit_prodotti_2/IMPULSEPULSAOIL-OlioperImpulseePulsada115ml.webp
spit,BLISTER BOMBOLETTE IM 45,,/images/spit_prodotti_2/BLISTERBOMBOLETTEIM45.webp
spit,IM350 FUEL CELL - Bombolette di gas per chiodatrici IM350,Gas originale Paslode,/images/spit_prodotti_2/IM350FUELCELL-BombolettedigasperchiodatriciIM350.webp
spit,IM65 IM65A IM50 IM200 FUEL CELL - Mini-bombolette per chiodatrici da finitura e graffatrici,Mini-bombolette originali Paslode,/images/spit_prodotti_2/IM65IM65AIM50IM200FUELCELL-Mini-bomboletteperchiodatricidafinituraegraffatrici.webp
spit,"SERIES-I FUEL CELL - Bombolette per chiodatrici cordless per strutture e chiodi ""positive placement""",Bombolette specifiche per chiodatura da 15°C a +49°C,/images/spit_prodotti_2/SERIES-IFUELCELL-Bomboletteperchiodatricicordlessperstruttureechiodipositiveplacement.webp
spit,KIT PULIZIA IMPULSE - Kit per la pulizia di Impulse IM350+ Litio,,/images/spit_prodotti_2/KITPULIZIAIMPULSE-KitperlapuliziadiImpulseIM350Litio.webp
spit,CARICATORE STANDARD IM90CI,,/images/spit_prodotti_2/CARICATORESTANDARDIM90CI.webp
spit,TASTATORE PPN 50,,/images/spit_prodotti_2/TASTATOREPPN50.webp
spit,BATTERIA TONDA NIMH IM200/50,,/images/spit_prodotti_2/BATTERIATONDANIMHIM20050.webp
spit,CNP75.1 - Chiodatrice pneumatica per chiodi in rotolo di plastica 0° da 35 a 75 mm di lunghezza,"Chiodatrice per rivestimenti, per chiodi fino a 75 mm, per molteplici impieghi, in grande sicurezza
Caratteristiche e vantaggi:
Profondità di penetrazione regolabile, senza uso di chiavi, per una finitura perfetta
Impugnatura gommata, ergonomica ed antiscivolo
Compatta e leggera, idonea per lavori in spazi ristretti
Scarico aria orientabile, maggiore comfort operatore
Sistema Trallex, combina i vantaggi di fissaggio di un chiodo con possibilità di rimozione come una vite
Disponibile con attuazione sequenziale od a contatto",/images/spit_prodotti_2/CNP751-Chiodatricepneumaticaperchiodiinrotolodiplastica0da35a75mmdilunghezza.webp
spit,"RNC50M.2 - Chiodatrice pneumatica per chiodi in rotolo, elettrosaldati 16° e nastrati su plastica, da 27 a 50 mm di lunghezza","Durevole chiodatrice a rotolo, per case in legno ed imballaggi industriali
Caratteristiche e vantaggi:
Compatta, leggera e maneggevole                                                                                                                                                                                                                                                                                                                                                               Regolatore di profondità: per la corretta infissione del chiodo
Impugnatura gommata: ergonomica ed antiscivolo
Scarico aria orientabile, maggiore comfort operatore
Basso consumo d'aria
Disponibile con attuazione a contatto",/images/spit_prodotti_2/RNC50M2-Chiodatricepneumaticaperchiodiinrotoloelettrosaldati16enastratisuplasticada27a50mmdilunghezza.webp
spit,"RNC65 S/W II - Chiodatrice pneumatica per chiodi elettrosaldati in rotolo e nastrati in plastica, 16° da 35 a 65 mm di lunghezza","Chiodatrice a rotolo multiuso, leggera e durevole
Caratteristiche e vantaggi:
Compatibile con chiodi in rotolo elettro-saldati, nastrati in plastica e chiodi a vite
Eccellente rapporto peso/potenza
Profondità di penetrazione regolabile, senza uso di chiavi, per una finitura perfetta
Scarico aria orientabile, maggiore comfort operatore
Caricatore con sportello trasparente, per controllo rapido del consumo del rotolo
Selezione rapida tra azionamento a contatto od a tiro singolo (sequenziale)",/images/spit_prodotti_2/RNC65SWII-Chiodatricepneumaticaperchiodielettrosaldatiinrotoloenastratiinplastica16da35a65mmdilunghezza.webp
spit,"RNC70.1 - Chiodatrice pneumatica per chiodi elettrosaldati in rotolo e nastrati in plastica, 16° da 45 a 70 mm di lunghezza.","Caratteristiche e vantaggi:
Compatibile con chiodi in rotolo elettro-saldati, nastrati in plastica e chiodi a vite
Modalità di attivazione a contatto per una ottimale produttività
Profondità di penetrazione regolabile per un fissaggio perfetto
Attrezzo compatto ideale per lavorare in spazi angusti
Schermo protettivo in plastica trasparente per proteggere l'operatore dagli sfridi dell nastratura
Scarico aria orientabile, maggiore comfort operatore",/images/spit_prodotti_2/RNC701-Chiodatricepneumaticaperchiodielettrosaldatiinrotoloenastratiinplastica16da45a70mmdilunghezza.webp
spit,"RNC 90Z - Chiodatrice pneumatica per chiodi elettrosaldati in rotolo e nastrati in plastica, 16° da 45 a 90 mm di lunghezza.","Chiodatrice robusta e potente per molteplici impieghi
Caratteristiche e vantaggi:
Compatibile con chiodi in rotolo elettro-saldati, nastrati in plastica e chiodi a vite
Il tastatore anti-impronta riduce lo scivolamento e protegge la superficie
Bilanciata, maneggevole ed al contempo potente
Profondità di penetrazione regolabile, senza uso di chiavi, per una finitura perfetta
Scarico aria orientabile, maggiore comfort operatore
Caricatore con sportello trasparente, per controllo rapido del consumo del rotolo
Schermo protettivo in plastica trasparente per proteggere l'operatore dagli sfridi dell nastratura
Disponibile con attuazione sequenziale od a contatto",/images/spit_prodotti_2/RNC90Z-Chiodatricepneumaticaperchiodielettrosaldatiinrotoloenastratiinplastica16da45a90mmdilunghezza.webp
spit,DFSN100.1 - Chiodatrice pneumatica per chiodi in striscia nastrati di plastica 21° da 50 a 100 mm di lunghezza,"Chiodatrice pneumatica per chiodi nastrati multiuso nei settori industriale e delle costruzioni
Caratteristiche e vantaggi:
Leggera, ergonomica e ben bilanciata
Profondità di penetrazione regolabile, senza uso di chiavi, per una finitura perfetta
Scarico aria orientabile, maggiore comfort operatore
Impugnatura in gomma antiscivolo
Caricamento chiodi ultra rapido
Sistema di blocco della macchina a caricatore vuoto
Disponibile con attuazione sequenziale od a contatto",/images/spit_prodotti_2/DFSN1001-Chiodatricepneumaticaperchiodiinstriscianastratidiplastica21da50a100mmdilunghezza.webp
spit,"RN160 - Chiodatrice pneumatica per chiodi in striscia nastrati in plastica 34°, da 100 a 160 mm di lunghezza","Caratteristiche e vantaggi:
Sistema operativo LNLO: blocco automatico dell'attrezzo ed esaurimento dei chiodi nel carucatore
Regolatore di profondità per la corretta infissione del chiodo
Impugnatura gommata per un maggior comfort dell'operatore
Eccellente rapporto peso/potenza
Bilanciamento ottimizzato e basso contraccolpo
Caricamento in alluminio: compatta ed estremamente robusta
Modalità di attuazione sequenziale",/images/spit_prodotti_2/RN160-Chiodatricepneumaticaperchiodiinstriscianastratiinplastica34da100a160mmdilunghezza.webp
spit,"CHIODI NASTRATI SU CARTA 34° BRIGHT - Chiodi per interno asciutto, classe di servizio 1","Chiodi perfetti, per chiodatura di qualità eccellente e finitura impeccabile
Caratteristiche e vantaggi:
Chiodi con speciale rivestimento che facilita la penetrazione
Le finiture anticorrosione per le classi di servizio 1, 2 e 3 rispondono a tutte le applicazioni
Chiodi e materiali di consumo Paslode offrono il miglior livello qualitativo del mercato
La più ampia gamma in Europa: Paslode offre i chiodi ideali per ogni applicazione
I chiodi Paslode sono marcati CE e sono quindi qualificati per la progettazione delle unioni secondo Eurocodice 5",/images/spit_prodotti_2/CHIODINASTRATISUCARTA34BRIGHT-Chiodiperinternoasciuttoclassediservizio1.webp
spit,"CHIODI NASTRATI SU CARTA 34° BRIGHT - Uso in interno asciutto, classe di servizio 1","Chiodi perfetti, per chiodatura di qualità eccellente e finitura impeccabile
Caratteristiche e vantaggi:
Chiodi con speciale rivestimento che facilita la penetrazione
Le finiture anticorrosione per le classi di servizio 1, 2 e 3 rispondono a tutte le applicazioni
Chiodi e materiali di consumo Paslode offrono il miglior livello qualitativo del mercato
La più ampia gamma in Europa: Paslode offre i chiodi ideali per ogni applicazione
I chiodi Paslode sono marcati CE e sono quindi qualificati per la progettazione delle unioni secondo Eurocodice 5",/images/spit_prodotti_2/CHIODINASTRATISUCARTA34BRIGHT-Usoininternoasciuttoclassediservizio1.webp
spit,"CHIODI NASTRATI SU CARTA 34° BRIGHT - Uso in interno asciutto, classe di servizio 1","Chiodi perfetti, per chiodatura di qualità eccellente e finitura impeccabile
Caratteristiche e vantaggi:
Chiodi con speciale rivestimento che facilita la penetrazione
Le finiture anticorrosione per le classi di servizio 1, 2 e 3 rispondono a tutte le applicazioni
Chiodi e materiali di consumo Paslode offrono il miglior livello qualitativo del mercato
La più ampia gamma in Europa: Paslode offre i chiodi ideali per ogni applicazione
I chiodi Paslode sono marcati CE e sono quindi qualificati per la progettazione delle unioni secondo Eurocodice 5",/images/spit_prodotti_2/CHIODINASTRATISUCARTA34BRIGHT-Usoininternoasciuttoclassediservizio1.webp
spit,"CHIODI NASTRATI SU CARTA 34° BRIGHT - Uso in interno asciutto, classe di servizio 1","Chiodi perfetti, per chiodatura di qualità eccellente e finitura impeccabile
Caratteristiche e vantaggi:
Chiodi con speciale rivestimento che facilita la penetrazione
Le finiture anticorrosione per le classi di servizio 1, 2 e 3 rispondono a tutte le applicazioni
Chiodi e materiali di consumo Paslode offrono il miglior livello qualitativo del mercato
La più ampia gamma in Europa: Paslode offre i chiodi ideali per ogni applicazione
I chiodi Paslode sono marcati CE e sono quindi qualificati per la progettazione delle unioni secondo Eurocodice 5",/images/spit_prodotti_2/CHIODINASTRATISUCARTA34BRIGHT-Usoininternoasciuttoclassediservizio1.webp
spit,"CHIODI NASTRATI SU CARTA 34° GALV-PLUS - Uso in esterno protetto, classe di servizio 2","Chiodi perfetti, per chiodatura di qualità eccellente e finitura impeccabile
Caratteristiche e vantaggi:
Chiodi con speciale rivestimento che facilita la penetrazione
Le finiture anticorrosione per le classi di servizio 1, 2 e 3 rispondono a tutte le applicazioni
Chiodi e materiali di consumo Paslode offrono il miglior livello qualitativo del mercato
La più ampia gamma in Europa: Paslode offre i chiodi ideali per ogni applicazione
I chiodi Paslode sono marcati CE e sono quindi qualificati per la progettazione delle unioni secondo Eurocodice 5",/images/spit_prodotti_2/CHIODINASTRATISUCARTA34GALV-PLUS-Usoinesternoprotettoclassediservizio2.webp
spit,"CHIODI NASTRATI SU CARTA 34° HDG - Chiodi per esterno, classe di servizio 3","Chiodi perfetti, per chiodatura di qualità eccellente e finitura impeccabile
Caratteristiche e vantaggi:
Chiodi con speciale rivestimento che facilita la penetrazione
Le finiture anticorrosione per le classi di servizio 1, 2 e 3 rispondono a tutte le applicazioni
Chiodi e materiali di consumo Paslode offrono il miglior livello qualitativo del mercato
La più ampia gamma in Europa: Paslode offre i chiodi ideali per ogni applicazione
I chiodi Paslode sono marcati CE e sono quindi qualificati per la progettazione delle unioni secondo Eurocodice 5",/images/spit_prodotti_2/CHIODINASTRATISUCARTA34HDG-Chiodiperesternoclassediservizio3.webp
spit,"34° PAPER TAPE STAINLESS STEEL A2 NAIL - Per esterno, Classe di Servizio 3","Chiodi perfetti, per chiodatura di qualità eccellente e finitura impeccabile
Caratteristiche e vantaggi:
Chiodi con speciale rivestimento che facilita la penetrazione
Le finiture anticorrosione per le classi di servizio 1, 2 e 3 rispondono a tutte le applicazioni
Chiodi e materiali di consumo Paslode offrono il miglior livello qualitativo del mercato
La più ampia gamma in Europa: Paslode offre i chiodi ideali per ogni applicazione
I chiodi Paslode sono marcati CE e sono quindi qualificati per la progettazione delle unioni secondo Eurocodice 5
La testa lenticolare è ideale per la applicazioni esterne",/images/spit_prodotti_2/34PAPERTAPESTAINLESSSTEELA2NAIL-PeresternoClassediServizio3.webp
spit,"34° PAPER TAPE ELECTROGALV 12µM NAIL - Uso in esterno protetto, classe di servizio 2","Chiodi duri e sicuri contro l'inceppamento per maggiore sicurezza
Caratteristiche e vantaggi:
Chiodi a testa piena, ad alta resistenza allo strappo, ottima qualità e maggiore sicurezza
Chiodi con speciale rivestimento che facilita la penetrazione
Le classi di servizio 1 e 2 assicurano una soluzione ideale per tutte le condizioni applicative
Chiodi e materiali di consumo Paslode offrono il miglior livello qualitativo del mercato
I chiodi Paslode sono marcati CE e sono quindi qualificati per la progettazione delle unioni secondo Eurocodice 5",/images/spit_prodotti_2/34PAPERTAPEELECTROGALV12µMNAIL-Usoinesternoprotettoclassediservizio2.webp
spit,"CHIODI ELETTROSALDATI 16° HDG - Chiodi per esterno, classe di servizio 3","Adatta per chiodi a testa grande, offre la miglior qualità di fissaggio per elementi sottili
Caratteristiche e vantaggi:
Elevata autonomia di funzionamento senza necessità di ricarica
Sistema di nastratura resistente alle intemperie",/images/spit_prodotti_2/CHIODIELETTROSALDATI16HDG-Chiodiperesternoclassediservizio3.webp
spit,"CHIODI ELETTROSALDATI 16° INOX A2 - Chiodi per esterno, classe di servizio 3",,/images/spit_prodotti_2/CHIODIELETTROSALDATI16INOXA2-Chiodiperesternoclassediservizio3.webp
spit,PACK CHIODI HDG - ZINCATI 55 μm,,/images/spit_prodotti_2/PACKCHIODIHDG-ZINCATI55μm.webp
spit,PACK CHIODI ACCIAIO INOX A2,,/images/spit_prodotti_2/PACKCHIODIACCIAIOINOXA2.webp
spit,"CHIODI IN ROTOLO DI PLASTICA 0° EG - Chiodi per esterno protetto, classe di servizio 2",,/images/spit_prodotti_2/CHIODIINROTOLODIPLASTICA0EG-Chiodiperesternoprotettoclassediservizio2.webp
spit,CHIODI IN BRIGHT,,/images/spit_prodotti_2/CHIODIINBRIGHT.webp
spit,CHIODI IN BRIGHT,,/images/spit_prodotti_2/CHIODIINBRIGHT.webp
spit,CHIODI IN BRIGHT,,/images/spit_prodotti_2/CHIODIINBRIGHT.webp
spit,CHIODI IN INOX,,/images/spit_prodotti_2/CHIODIININOX.webp
spit,CHIODI TRALLEX - Per CNP 75.1 modello a contatto / sequenziale,,/images/spit_prodotti_2/CHIODITRALLEX-PerCNP751modelloacontattosequenziale.webp
spit,CHIODI GN HDG - ZINCATI 55 μm,,/images/spit_prodotti_2/CHIODIGNHDG-ZINCATI55μm.webp
spit,CHIODI GN ACCIAIO INOX A2,,/images/spit_prodotti_2/CHIODIGNACCIAIOINOXA2.webp
spit,"CHIODI ELETTROSALDATI 16° IN BOBINA PIATTA - Uso in interno asciutto, classe di servizio 1","Chiodi di qualità standard, finitura classe 1, non protetta dalla corrosione
Caratteristiche e vantaggi:
Elevata autonomia di funzionamento senza necessità di ricarica
Sistema di nastratura resistente alle intemperie",/images/spit_prodotti_2/CHIODIELETTROSALDATI16INBOBINAPIATTA-Usoininternoasciuttoclassediservizio1.webp
spit,"16° WIRE WELDED COIL BRIGHT NAIL - Uso in interno asciutto, classe di servizio 1","Chiodi di qualità standard, finitura classe 1, non protetta dalla corrosione",/images/spit_prodotti_2/16WIREWELDEDCOILBRIGHTNAIL-Usoininternoasciuttoclassediservizio1.webp
spit,"CHIODI ELETTROSALDATI 16° IN BOBINA PIATTA ELETTROGALVANIZZATI - ZINCATO 12 μm - Uso in esterno protetto, classe di servizio 2","Chiodi di qualità standard, finitura classe 1, non protetta dalla corrosione
Caratteristiche e vantaggi:
Elevata autonomia di funzionamento senza necessità di ricarica
Sistema di nastratura resistente alle intemperie",/images/spit_prodotti_2/CHIODIELETTROSALDATI16INBOBINAPIATTAELETTROGALVANIZZATI-ZINCATO12μm-Usoinesternoprotettoclassediservizio2.webp
spit,"CHIODI ELETTROSALDATI 16° IN BOBINA PIATTA INOX A2 - Per esterno, Classe di Servizio 3","Chiodi di qualità standard, finitura classe 1, non protetta dalla corrosione
Caratteristiche e vantaggi:
Elevata autonomia di funzionamento senza necessità di ricarica
Sistema di nastratura resistente alle intemperie",/images/spit_prodotti_2/CHIODIELETTROSALDATI16INBOBINAPIATTAINOXA2-PeresternoClassediServizio3.webp
spit,CHIODI SCRAIL TX-W BRIGHT,,/images/spit_prodotti_2/CHIODISCRAILTX-WBRIGHT.webp
spit,"CHIODI IN STRISCIA 21° NASTRATI IN PLASTICA - BRIGHT - Per interno, Classe di Servizio 1",,/images/spit_prodotti_2/CHIODIINSTRISCIA21NASTRATIINPLASTICA-BRIGHT-PerinternoClassediServizio1.webp
spit,"34° PAPER TAPE BRIGHT NAIL - Uso in interno asciutto, classe di servizio 1","Chiodi a testa piena, ad alta resistenza allo strappo, ottima qualità e maggiore sicurezza
Caratteristiche e vantaggi:
Chiodi con speciale rivestimento che facilita la penetrazione
Le finiture anticorrosione per le classi di servizio 1, 2 e 3 rispondono a tutte le applicazioni
Chiodi e materiali di consumo Paslode offrono il miglior livello qualitativo del mercato
Una gamma chiodi ampia e rispondente alle necessità applicative, fino a 160 mm di lunghezza",/images/spit_prodotti_2/34PAPERTAPEBRIGHTNAIL-Usoininternoasciuttoclassediservizio1.webp
spit,VITI GN ZINCATE 5 μm - per sola LCP 45.1,,/images/spit_prodotti_2/VITIGNZINCATE5μm-persolaLCP451.webp
spit,"IM200/50 S16 - Graffatrice a gas/batteria per fissaggio di punti serie S16, da 19 a 51 mm di lunghezza","Graffatrice gas/batteria per fissaggio di punti serie S16
Caratteristiche e vantaggi:
Portatile, comoda, con ampia gamma di graffe S16
Puntale sottile per un fissaggio di precisione (puntale opzionale per fissaggio a bordo)
Regolatore di profondità per la corretta infissione del punto
Dimensioni contenute, ben bilanciata, maneggevole",/images/spit_prodotti_2/IM20050S16-GraffatriceagasbatteriaperfissaggiodipuntiserieS16da19a51mmdilunghezza.webp
spit,HT-550 - Graffatrice manuale per punti DF50 da 6 a 14 mm di lunghezza,"Martello graffatore di qualità industriale
Caratteristiche e vantaggi:
Compatto ed estremamente robusto
Rimozione degli inceppamenti veloce, senza uso di chiavi
Caricatore dal basso ad alta capacità per una maggiore produttività sul cantiere",/images/spit_prodotti_2/HT-550-GraffatricemanualeperpuntiDF50da6a14mmdilunghezza.webp
spit,CS 5000 - Graffatrice manuale per punti DF50 da 8 a 14 mm di lunghezza,"Graffatrice industriale di alta qualità per i professionisti
Caratteristiche e vantaggi:
Attrezzo potente, facile da azionare
Regolatore della potenza per controllare l'energia di tiro
Non serve il compressore",/images/spit_prodotti_2/CS5000-GraffatricemanualeperpuntiDF50da8a14mmdilunghezza.webp
spit,PN755 - Graffatrice pneumatica per punti KG700 da 18 a 55 mm di lunghezza,"Attrezzo leggero, impiega una ampia gamma di graffe adatte a molteplici applicazioni
Caratteristiche e vantaggi:
Sistema di caricamento delle graffe facilitato, per ricarica più rapida
Regolatore di profondità per la corretta infissione della graffa, senza usare chiavi
Forma stretta per lavorare negli spazi più angusti
Deflettore d'aria orientabile manualmente
Tubo di scarico aria orientabile manualmente",/images/spit_prodotti_2/PN755-GraffatricepneumaticaperpuntiKG700da18a55mmdilunghezza.webp
spit,INLINER DC PN 765 - Sistema Inliner PN765,,/images/spit_prodotti_2/INLINERDCPN765-SistemaInlinerPN765.webp
spit,PN 775 XII - Graffatrice pneumatica per punti KG700 da 30 a 75 mm di lunghezza,"Caratteristiche e vantaggi:
Robusta, adatta per le applicazioni più intensive
Sistema di caricamento rapido
Regolazione della profondità
Impugnatura gommata, ergonomica ed antiscivolo",/images/spit_prodotti_2/PN775XII-GraffatricepneumaticaperpuntiKG700da30a75mmdilunghezza.webp
spit,"PN 29130 - Graffatrice pneumatica per punti BS 29000, da 75 a 130 mm di lunghezza","Caratteristiche e vantaggi:
L'esclusivo sistema di guida delle graffe garantisce prestazioni costanti
Aggraffaggio preciso, senza danneggiamento del materiale da fissare
Comoda regolazione della profondità, senza utensili
Sistema rapido di caricamento graffe
Caricatore protetto, sicurezza di impiego garantita
Sistema fluido di aggraffaggio senza rischi di inceppamento
Doppia impugnatura per maggiore confort",/images/spit_prodotti_2/PN29130-GraffatricepneumaticaperpuntiBS29000da75a130mmdilunghezza.webp
spit,"PN 29180 - Graffatrice pneumatica per punti BS 29000, da 130 a 180 mm di lunghezza","Caratteristiche e vantaggi:
L'esclusivo sistema di guida delle graffe garantisce prestazioni costanti
Aggraffaggio preciso, senza danneggiamento del materiale da fissare
Comoda regolazione della profondità, senza utensili
Sistema rapido di caricamento graffe
Caricatore protetto, sicurezza di impiego garantita
Sistema fluido di aggraffaggio senza rischi di inceppamento
Doppia impugnatura per maggiore comfort",/images/spit_prodotti_2/PN29180-GraffatricepneumaticaperpuntiBS29000da130a180mmdilunghezza.webp
spit,"S16 ELECTROGALV 3µM STAPLES - Spalla 13 mm, filo 1,6 x 1,4 mm, per uso interno, classe di servizio 1","Graffe di qualità standard per graffatura media e leggera
Caratteristiche e vantaggi:
Disponibili in confezione con bomboletta di gas, per uso con la graffatrice Paslode IM200
Punti zincati per protezione dall'ossidazione",/images/spit_prodotti_2/S16ELECTROGALV3µMSTAPLES-Spalla13mmfilo16x14mmperusointernoclassediservizio1.webp
spit,"S16 ELECTROGALV 3µM STAPLES - Spalla 13 mm, filo 1,6 x 1,4 mm, per uso interno, classe di servizio 1","Graffe di qualità standard per graffatura media e leggera
Caratteristiche e vantaggi:
Disponibili in confezione con bomboletta di gas, per uso con la graffatrice Paslode IM200
Punti zincati per protezione dall'ossidazione",/images/spit_prodotti_2/S16ELECTROGALV3µMSTAPLES-Spalla13mmfilo16x14mmperusointernoclassediservizio1.webp
spit,"DF50 ELECTROGALV 3µM STAPLES - Spalla 12,4 mm, filo 1,3 x 0,5 mm, per uso interno, classe di servizio 1","Graffe a filo sottile di qualità standard per graffatura leggera
Caratteristiche e vantaggi:
Graffe a filo piatto per evitare la lacerazione di materiali sottili ed ottenere elevata qualità di finitura
Punti zincati per protezione dall'ossidazione",/images/spit_prodotti_2/DF50ELECTROGALV3µMSTAPLES-Spalla124mmfilo13x05mmperusointernoclassediservizio1.webp
spit,PUNTI KG ZINCATI ED INOX / DIRITTI E DIVERGENTI,,/images/spit_prodotti_2/PUNTIKGZINCATIEDINOXDIRITTIEDIVERGENTI.webp
spit,"KG 700 EG 12µM STAPLES - Punti Spalla 11,3 mm, filo 1,6 x 1,3 mm, per uso in esterno protetto, classe di servizio 2","Graffe marcate CE approvate per applicazioni di fissaggio ad alta resistenza
Caratteristiche e vantaggi:
Graffe ad alte prestazioni, per applicazioni permanenti ad alta resistenza
Approvati dai maggiori fornitori di materiali da costruzione del settore
Disponibili in versione con punte divergenti, per maggiori prestazioni
Compatibili con l'IN-LINER DC PN 765
Punti zincati per protezione dall'ossidazione",/images/spit_prodotti_2/KG700EG12µMSTAPLES-PuntiSpalla113mmfilo16x13mmperusoinesternoprotettoclassediservizio2.webp
spit,"KG 700 INOX A2 STAPLES - Punti Spalla 11,3 mm - filo 1,6 x 1,3 mm - Classe di Servizio 3, anche per uso in esterno non protetto","Graffe marcate CE approvate per applicazioni di fissaggio ad alta resistenza
Caratteristiche e vantaggi:
Graffe ad alte prestazioni, per applicazioni permanenti ad alta resistenza
Approvati dai maggiori fornitori di materiali da costruzione del settore
Compatibili con l'IN-LINER DC PN 765
Graffe in acciaio inossidabile, per maggiore resistenza alla corrosione",/images/spit_prodotti_2/KG700INOXA2STAPLES-PuntiSpalla113mm-filo16x13mm-ClassediServizio3ancheperusoinesternononprotetto.webp
spit,"BS 29000 EG 12µ - Punti Spalla 27 mm - filo 2,1, x 1,8 mm - Classe di Servizio 2, anche per uso in esterno protetto","Graffa anticorrosione, certificata CE fino a lunghezza 130 mm, per fissaggio di fibra di legno e materiali isolanti su legno, anticorrosione
Caratteristiche e vantaggi:
Graffe ad alte prestazioni, per applicazioni permanenti ad alta resistenza
Ideali per fissare materiali a bassa densità
Approvati dai maggiori fornitori di materiali da costruzione del settore
Punti zincati per protezione dall'ossidazione",/images/spit_prodotti_2/BS29000EG12µ-PuntiSpalla27mm-filo21x18mm-ClassediServizio2ancheperusoinesternoprotetto.webp
spit,"BS 29000 INOX A2 - Punti Spalla 27 mm, filo 2,1 x 1,8 mm, per uso in esterno, classe di servizio 3","Graffa anticorrosione, certificata CE fino a lunghezza 130 mm, per fissaggio di fibra di legno e materiali isolanti su legno, anticorrosione
Caratteristiche e vantaggi:
Graffe ad alte prestazioni, per applicazioni permanenti ad alta resistenza
La lunghezza fino a 180 mm permette il fissaggio di spessori massimi di 150 mm
Ideali per fissare materiali a bassa densità
Approvati dai maggiori fornitori di materiali da costruzione del settore
Graffe in acciaio inossidabile, per maggiore resistenza alla corrosione",/images/spit_prodotti_2/BS29000INOXA2-PuntiSpalla27mmfilo21x18mmperusoinesternoclassediservizio3.webp
spit,"IM50 F18 LITIO - Groppinatrice a gas/batteria, per groppini dritti F18, da 16 a 50 mm di lunghezza","Chiodatrice gas/batteria, per finiture, con tecnologia al litio
Caratteristiche e vantaggi:
Batteria al litio a ricarica rapida, permette fino a 10.000 fissaggi dopo ogni carica (90 min.)
Peso e bilanciamento consentono di lavorare senza affaticamento
Regolazione della profondità semplice, senza bisogno di chiavi, per una finitura eccellente ed uniforme
Fissaggi accurati grazie al tastatore anti-impronta
Regolatore di profondità per una corretta infissione del groppino
Batteria con posizione ON/OFF, per conservare la carica nelle pause di lavoro",/images/spit_prodotti_2/IM50F18LITIO-GroppinatriceagasbatteriapergroppinidrittiF18da16a50mmdilunghezza.webp
spit,"F18 ELECTROGALV 3µM BRADS - Dritto - Diametro gambo 1,2 mm - Uso interno, classe di servizio 1","Chiodo F18, adatto ai lavori di finitura più accurati
Caratteristiche e vantaggi:
Testa di piccole dimensioni per favorire una finitura esteticamente accurata
La misura F18 permette una finitura ""a filo"", costante ed esteticamente soddisfacente
Punta a scalpello per prevenire la fessurazione del legno
Punti zincati per protezione dall'ossidazione",/images/spit_prodotti_2/F18ELECTROGALV3µMBRADS-Dritto-Diametrogambo12mm-Usointernoclassediservizio1.webp
spit,"AF16 ELECTROGALV 3µM BRADS - Angolazione 20° - filo 1,6 mm - Classe di Servizio 1, uso interno","Chiodo F16, adatto alla maggior parte delle applicazioni di rifinitura
Caratteristiche e vantaggi:
Il groppino F16 è molto resistente e permette un infissione molto regolare
La misura F16 permette una finitura ""a filo"", costante ed esteticamente soddisfacente
La finitura zincata previene l'ossidazione assicurando estetica e durata nel tempo",/images/spit_prodotti_2/AF16ELECTROGALV3µMBRADS-Angolazione20-filo16mm-ClassediServizio1usointerno.webp
spit,PACK PULSA 40P+ - Chiodatrice gas-batteria per sistemi a secco.,"La chiodatrice più avanzata, efficiente ed affidabile per i sistemi a secco.
Caratteristiche e vantaggi:
Regolazione automatica, può fissare sia su materiali duri (calcestruzzo ed acciaio) sia su materiali leggeri come il mattone forato intonacato
Bassa forza di attivazione, estremamente confortevole anche a soffitto, basse vibrazioni
La forma ristretta permette di chiodare in posizioni difficili
Manutenzione estremamente semplice da eseguire, anche in cantiere
Autonomia di gas e batteria sempre sotto controllo grazie agli indicatori Led
Gli indicatori LED indicano l'autonomia residua di gas e batteria
Il sistema Start & Go economizza l'energia permettendo di fissare fino a 3500 chiodi per carica di batteria
Attrezzo perfettamente protetto dalla penetrazione di polveri e detriti per eliminare inceppamenti",/images/spit_prodotti_2/PACKPULSA40P-Chiodatricegas-batteriapersistemiasecco.webp
spit,PACK PULSA 27E - Chiodatrice cordless premium aggiornata per applicazioni elettriche (con 1000 chiodi),"La chiodatrice più versatile, compatta e bilanciata per la massima produttività
Caratteristiche e vantaggi:
Nuovo design compatto innovativo: 10% più leggero per ridurre l'affaticamento nelle applicazioni sopraelevate e nei dispositivi di fissaggio in serie;
Ergonomico e maneggevole: comodo e versatile anche negli spazi più stretti;
Tasso di adesione migliorato e meno sprechi;
Molteplici applicazioni: scegli tra un'ampia gamma di raccordi in plastica e metallo per il commercio M&E;
Veloce ed economico: fino a 8 volte più veloce dell'ancoraggio tradizionale;
Salute e sicurezza: quasi senza polvere e meno vibrazioni;
Lavora di più, carica di meno: fino a 10.000 chiodi fissati per carica;
Nessun tempo di inattività in loco: tecnologia affidabile, ad alte prestazioni e ben collaudata da oltre 35 anni.",/images/spit_prodotti_2/PACKPULSA27E-Chiodatricecordlesspremiumaggiornataperapplicazionielettrichecon1000chiodi.webp
spit,PULSA 27E - Chiodatrice cordless premium migliorata per applicazioni elettriche,"La chiodatrice più versatile, compatta e bilanciata per la massima produttività
Caratteristiche e vantaggi:
Nuovo design compatto innovativo: 10% più leggero per ridurre l'affaticamento nelle applicazioni sopraelevate e nei dispositivi di fissaggio in serie;
Ergonomico e maneggevole: comodo e versatile anche negli spazi più stretti;
Tasso di adesione migliorato e meno sprechi;
Molteplici applicazioni: scegli tra un'ampia gamma di raccordi in plastica e metallo per il commercio M&E;
Veloce ed economico: fino a 8 volte più veloce dell'ancoraggio tradizionale;
Salute e sicurezza: quasi senza polvere e meno vibrazioni;
Lavora di più, carica di meno: fino a 10.000 chiodi fissati per carica;
Nessun tempo di inattività in loco: tecnologia affidabile, ad alte prestazioni e ben collaudata da oltre 35 anni.",/images/spit_prodotti_2/PULSA27E-Chiodatricecordlesspremiummigliorataperapplicazionielettriche.webp
spit,PULSA 40P+ - Chiodatrice gas-batteria per sistemi a secco.,"La chiodatrice più avanzata, efficiente ed affidabile per i sistemi a secco.
Caratteristiche e vantaggi:
Regolazione automatica, può fissare sia su materiali duri (calcestruzzo ed acciaio) sia su materiali leggeri come il mattone forato intonacato
Bassa forza di attivazione, estremamente confortevole anche a soffitto, basse vibrazioni
La forma ristretta permette di chiodare in posizioni difficili
Manutenzione estremamente semplice da eseguire, anche in cantiere
Autonomia di gas e batteria sempre sotto controllo grazie agli indicatori Led
Gli indicatori LED indicano l'autonomia residua di gas e batteria
Il sistema Start & Go economizza l'energia permettendo di fissare fino a 3500 chiodi per carica di batteria
Attrezzo perfettamente protetto dalla penetrazione di polveri e detriti per eliminare inceppamenti",/images/spit_prodotti_2/PULSA40P-Chiodatricegas-batteriapersistemiasecco.webp
spit,"PULSA 27P - Chiodatrice compatta per cartongessisti, per applicazioni su guide per cartongesso","L'utensile più leggero e compatto della gamma per applicazioni sopra la testa e per uso intensivo
Caratteristiche e vantaggi:
Nuovo design più compatto: 10% più leggero per ridurre l'affaticamento per applicazioni sopra la testa e in serie;
Ergonomica e maneggevole: comoda e versatile anche in spazi ristretti;
Veloce ed economica: fino a 8 volte più veloce dell'ancoraggio tradizionale;
Salute e sicurezza: quasi senza polvere e meno vibrazioni rispetto alla perforazione;
Maggiore autonomia: fino a 10.000 chiodi fissati per carica (pari a 5 km di guide);
Nessun fermo macchina in loco: tecnologia affidabile, efficiente e collaudata da oltre 35 anni.",/images/spit_prodotti_2/PULSA27P-Chiodatricecompattapercartongessistiperapplicazionisuguidepercartongesso.webp
spit,"PACK PULSA 27P - Chiodatrice compatta per cartongessisti, per applicazioni su guide per cartongesso (con 500 chiodi)","L'utensile più leggero e compatto della gamma per applicazioni sopra la testa e per uso intensivo
Caratteristiche e vantaggi:
Nuovo design più compatto: 10% più leggero per ridurre l'affaticamento per applicazioni sopra la testa e in serie;
Ergonomica e maneggevole: comoda e versatile anche in spazi ristretti;
Veloce ed economica: fino a 8 volte più veloce dell'ancoraggio tradizionale;
Salute e sicurezza: quasi senza polvere e meno vibrazioni rispetto alla perforazione;
Maggiore autonomia: fino a 10.000 chiodi fissati per carica (pari a 5 km di guide);
Nessun fermo macchina in loco: tecnologia affidabile, efficiente e collaudata da oltre 35 anni.",/images/spit_prodotti_2/PACKPULSA27P-Chiodatricecompattapercartongessistiperapplicazionisuguidepercartongessocon500chiodi.webp
spit,PULSA 65 - Chiodatrice a gas-batteria per sistemi a secco e legno su calcestruzzo,"Caratteristiche e vantaggi:
Efficienza di fissaggio garantita dalla qualità dei chiodi;
Massima produttività per 10.000 fissaggi con una sola carica di batteria;
Affidabile come la tecnologia gas-batteria ITW presente sul mercato da oltre 30 anni;
Ampia gamma di chiodi di diversa lunghezza;
Fluidità di tiro, ottimo bilanciamento e zero polvere;
Estrema velocità e cadenza di tiro per un grande risparmio di tempo rispetto ai metodi tradizionali;",/images/spit_prodotti_2/PULSA65-Chiodatriceagas-batteriapersistemiaseccoelegnosucalcestruzzo.webp
spit,BANDELLA IN TESSUTO - Bandella in tessuto per il fissaggio di tubi a pavimento,"Risparmia tempo e denaro con gli accessori pulsabili
Caratteristiche e vantaggi:
Utilizzabile con chiodatrice Spit Pulsa o in alternativa con chiodi a percussione e percussore;
Materiale adatto al taglio tramite forbice o cutter;
Lunghezza 10 metri;
Larghezza 1,5 cm;
Spessore 1,1 mm;
Carico di rottura a trazione: 200 kg;",/images/spit_prodotti_2/BANDELLAINTESSUTO-Bandellaintessutoperilfissaggioditubiapavimento.webp
spit,ECLIP - Cavallotto fissatubo aperto per il fissaggio di tubi rigidi,"Risparmia tempo e denaro con gli accessori pulsabili
Caratteristiche e vantaggi:
Alette progettate per un inserimento facilitato del tubo;
Ideale per il fissaggio di tubi rigidi di vari diametri: 16, 20, 25, 32, 40 e 50 mm;
Aggancio facilitato alla canna della chiodatrice Pulsa versione E che consente maggiore sicurezza in fase di fissaggio;
Versatilità d'uso: fissaggi con una sola mano;
Realizzato in copolimero, ECLIP è concepito appositamente per essere compatibile con le chiodatrici Pulsa;
Fissabile anche con tassello leggero con vite;
Asola per la regolazione del fissaggio;
Feritoie d’incastro per le guide di supporto;
Incastri a coda di rondine per l’accoppiamento in serie;
Test del filo incandescente ISO CEI 695-2 fino a 650°C;",/images/spit_prodotti_2/ECLIP-Cavallottofissatuboapertoperilfissaggioditubirigidi.webp
spit,CT-CLIP - Basetta fissatubo multi-diametro con fascetta incorporata,"Risparmia tempo e denaro con gli accessori pulsabili
Caratteristiche e vantaggi:
Fissaggio versatile per diversi diametri (16-32 mm e 40-63 mm) e tipologie di tubi per impianti elettrici;
Aggancio facilitato alla canna della chiodatrice Pulsa versione E che consente maggiore sicurezza in fase di fissaggio;
Versatilità d'uso: fissaggi con una sola mano;
Realizzata in poliammide PA 66, CT-CLIP è concepita appositamente per essere compatibile con le chiodatrici Pulsa;
Supporto non abrasivo che non danneggia il cavo;
Pratico foro asolato che la rende fissabile anche con tassello leggero Ø6 con vite come Elematic BlueFix o T6;
Test del filo incandescente ISO CEI 695-2 fino a 650°C.",/images/spit_prodotti_2/CT-CLIP-Basettafissatubomulti-diametroconfascettaincorporata.webp
spit,TRH-CLIP - Staffetta di supporto per sospensioni con barra filettata M6 e M8,"Risparmia tempo e denaro con gli accessori pulsabili
Caratteristiche e vantaggi:
Realizzata in acciaio E24 di spessore 1,5 mm, TRH è concepita appositamente per essere compatibile con le chiodatrici Pulsa E;
Possibilità di fissare barre filettate di 2 dimensioni (M6-M8);
Utilizzabile anche con ancorante leggero con vite;
Sistema alternativo agli ancoranti a filettatura interna;
Rivestimento zincato per protezione dalla corrosione;
Resistenza caratteristica al fuoco secondo rapporto di test CSTB 05-158/A.",/images/spit_prodotti_2/TRH-CLIP-StaffettadisupportopersospensioniconbarrafilettataM6eM8.webp
spit,ECAV - Cavallotto ad incastro per il fissaggio di tubi rigidi,"Risparmia tempo e denaro con gli accessori pulsabili
Caratteristiche e vantaggi:
Fissaggio ad elevata resistenza allo sganciamento grazie allo speciale incastro;
Le alette di bloccaggio permettono un perfetto posizionamento del tubo senza limitarne i movimenti longitudinali;
Agganci laterali a coda di rondine per l’accoppiamento in serie;
La particolare struttura e ampiezza di gamma si adatta perfettamente alle varie misure di tubi normalmente utilizzati negli impianti elettrici;
Il foro asolato sulla base permette il fissaggio con diversi tasselli leggeri o con chiodatrice a gas Spit Pulsa (con guida tipo E);",/images/spit_prodotti_2/ECAV-Cavallottoadincastroperilfissaggioditubirigidi.webp
spit,MULTICLIP - Accessorio multidirezionale per fissaggio tubi rigidi,"Risparmia tempo e denaro con gli accessori pulsabili
Caratteristiche e vantaggi:
Fissaggio più rapido di tubi fino a 32 mm di diametro rispetto ad una soluzione tradizionale con ancoranti;
Aggancio facilitato alla canna della chiodatrice Pulsa versione E che consente maggiore sicurezza in fase di fissaggio;
Fissabile con fascetta o con striscia di velcro fino a 12 mm di larghezza;
Versatilità d'uso: fissaggi con una sola mano;
Fissaggio multidirezionale grazie ai 4 fori d'ingresso sulla basetta;
Realizzata in copolimero, MULTICLIP è concepita appositamente per essere compatibile con le chiodatrici Pulsa;
Supporto non abrasivo che non danneggia il cavo;
Fissabile anche con tassello leggero con vite;
Test del filo incandescente ISO CEI 695-2 fino a 650°C.",/images/spit_prodotti_2/MULTICLIP-Accessoriomultidirezionaleperfissaggiotubirigidi.webp
spit,BANDELLA METALLICA PERFORATA - Bandella metallica perforata in acciaio zincato,"Risparmia tempo e denaro con gli accessori pulsabili
Caratteristiche e vantaggi:
Bandella perforata in metallo;
Lunghezza 10 metri;
Larghezza 12 mm;
Nastro in acciaio zincato DC01 spessore 0,8 mm;
Tagliabile con forbice professionale;
Resistenza caratteristica al fuoco secondo rapporto di test GS 6.1/22-002-1.",/images/spit_prodotti_2/BANDELLAMETALLICAPERFORATA-Bandellametallicaperforatainacciaiozincato.webp
spit,CLIPELEC - Basetta per fissaggio tubo con fascetta,"Risparmia tempo e denaro con gli accessori pulsabili
Caratteristiche e vantaggi:
Il disegno universale permette l'uso con fascette fino a 9 mm di larghezza;
Realizzata in copolimero, CLIPELEC è concepita appositamente per essere compatibile con le chiodatrici Pulsa E;
Aggancio facilitato alla canna della chiodatrice Pulsa versione E che consente maggiore sicurezza in fase di fissaggio;
Versatilità d'uso: fissaggi con una sola mano;
Utilizzabile anche con ancorante leggero con vite;
CLIPELEC di colore nero possiede proprietà di resistenza ai raggi UV;
Test del filo incandescente ISO CEI 695-2 fino a 750°C.",/images/spit_prodotti_2/CLIPELEC-Basettaperfissaggiotuboconfascetta.webp
spit,METAL CLIP - Clip in acciaio per il fissaggio di condotti e tubi corrugati a pavimento,"Risparmia tempo e denaro con gli accessori pulsabili
Caratteristiche e vantaggi:
Realizzata in acciaio zincato, METAL CLIP è compatibile con le chiodatrici Pulsa E;
Nervature di rinforzo per una maggiore resistenza;
Bordi arrotondati per evitare danni alle tubazioni;
Resistenza caratteristica al fuoco secondo rapporto di test GS 6.1/22-002-1.",/images/spit_prodotti_2/METALCLIP-Clipinacciaioperilfissaggiodicondottietubicorrugatiapavimento.webp
spit,MCC-O - Graffetta in acciaio per sospensione di elementi leggeri,"Risparmia tempo e denaro con gli accessori pulsabili
Caratteristiche e vantaggi:
Realizzata in acciaio, MCC-O è concepita appositamente per essere compatibile con le chiodatrici Pulsa E tramite guida pin magnetica;
Resistenza caratteristica al fuoco secondo rapporto di test GS 6.1/22-002-1",/images/spit_prodotti_2/MCC-O-Graffettainacciaiopersospensionedielementileggeri.webp
spit,P-CLIP - Graffetta singola e doppia per il fissaggio di tubi corrugati,"Risparmia tempo e denaro con gli accessori pulsabili
Caratteristiche e vantaggi:
Graffetta singola e doppia per il fissaggio di tubi corrugati da 16 a 25 mm;
Realizzata in copolimero, P-CLIP è concepita appositamente per essere compatibile con le chiodatrici Pulsa E;
Braccetti autocentranti per un perfetto allineamento dei tubi;
Test del filo incandescente ISO CEI 695-2 fino a 650°C.",/images/spit_prodotti_2/P-CLIP-Graffettasingolaedoppiaperilfissaggioditubicorrugati.webp
spit,ARCHETTO PASSACAVI - Archetti passacavo singoli e doppi per fissaggio a soffitto di cavi a bassa tensione in sospensione,"Risparmia tempo e denaro con gli accessori pulsabili
Caratteristiche e vantaggi:
Aggancio facilitato alla canna della chiodatrice Pulsa versione E che consente maggiore sicurezza in fase di fissaggio;
Versatilità d'uso: fissaggi con una sola mano;
Realizzata in copolimero, l'archetto passacavi è concepito appositamente per essere compatibile con le chiodatrici Pulsa E;
Fissabile anche con tassello leggero con vite;
Test del filo incandescente ISO CEI 695-2 fino a 650°C.",/images/spit_prodotti_2/ARCHETTOPASSACAVI-Archettipassacavosingoliedoppiperfissaggioasoffittodicaviabassatensioneinsospensione.webp
spit,PULSA 27 INSULFAST - Chiodatrice a gas-batteria per isolamenti,"Lo strumento più leggero e compatto per applicazioni a parete, sopra la testa e per uso intensivo
Caratteristiche e vantaggi:
Tecnologia cordless: 8 volte più veloce della tassellatura e 2 volte più veloce della chiodatura a polvere;
Ampia gamma di fissaggi per spessori di isolamento da 60 a 200 mm;
Rumore e vibrazioni ridotte;
Basso ponte termico;
Bassa forza di attivazione: lavora più velocemente, più facilmente e con meno fatica;
Il display LED mostra il gas rimanente e il livello della batteria;
Start & Go® che consente 10.000 scatti per carica della batteria.",/images/spit_prodotti_2/PULSA27INSULFAST-Chiodatriceagas-batteriaperisolamenti.webp
spit,CHIODI C6 per PULSA 27/40/65 - Chiodi per calcestruzzo di resistenza medio-bassa e materiali teneri. Confezionati con bombolette di gas.,Chiodi multiuso di qualità standard,/images/spit_prodotti_2/CHIODIC6perPULSA274065-Chiodipercalcestruzzodiresistenzamedio-bassaematerialiteneriConfezionaticonbombolettedigas.webp
spit,"CHIODI HC6 per PULSA 27/40/65 - Chiodi ad alte prestazioni per acciaio, calcestruzzo duro, anche precompresso. Confezionati con bombolette di gas.","Chiodi di massima qualità, assicurano alta percentuale di successo",/images/spit_prodotti_2/CHIODIHC6perPULSA274065-ChiodiadalteprestazioniperacciaiocalcestruzzoduroancheprecompressoConfezionaticonbombolettedigas.webp
spit,"CHIODI CW6 per PULSA 27/40/65 - Chiodi con testa ad impronta Pozidrive, per fissaggio su legno. Confezionati con bombolette di gas.",Chiodi speciali con gas per legno,/images/spit_prodotti_2/CHIODICW6perPULSA274065-ChiodicontestaadimprontaPozidriveperfissaggiosulegnoConfezionaticonbombolettedigas.webp
spit,"CHIODI CG6 per PULSA 27/40 - Chiodi con rondella, per fissaggio di canaline in pvc preforate su calcestruzzo di resistenza medio-bassa e materiali teneri. Confezionati con bombolette di gas.","Abbrevia i tempi di fissaggio di componenti fragili
Caratteristiche e vantaggi:
Progettato per l'uso con canaline in PVC preforate, con ampiezza del foro fino a 8,0 mm
La rondella in plastica assorbe l'impatto, protegge la canalina e copre la testa del chiodo
Chiodo da caricare uno-ad-uno, non adatto per l'uso con il caricatore",/images/spit_prodotti_2/CHIODICG6perPULSA2740-Chiodiconrondellaperfissaggiodicanalineinpvcpreforatesucalcestruzzodiresistenzamedio-bassaematerialiteneriConfezionaticonbombolettedigas.webp
spit,"CHIODI HCG6 per PULSA 27/40 - Chiodi con rondella, per fissaggio di canaline in pvc preforate su materiali duri. Confezionati con bombolette di gas.","Abbrevia i tempi di fissaggio di componenti fragili
Caratteristiche e vantaggi:
Progettato per l'uso con canaline in PVC preforate, con ampiezza del foro fino a 8,0 mm
La rondella in plastica assorbe l'impatto, protegge la canalina e copre la testa del chiodo
Chiodo da caricare uno-ad-uno, non adatto per l'uso con il caricatore",/images/spit_prodotti_2/CHIODIHCG6perPULSA2740-ChiodiconrondellaperfissaggiodicanalineinpvcpreforatesumaterialiduriConfezionaticonbombolettedigas.webp
spit,RONDELLE PULSA D25 - Utilizzabili con la canna magnetica per fissare reti metalliche o teli impermeabilizzanti,"Fissaggio rinforzato, previene lo sbottonamento dal chiodo",/images/spit_prodotti_2/RONDELLEPULSAD25-Utilizzabiliconlacannamagneticaperfissareretimetallicheoteliimpermeabilizzanti.webp
spit,CHIODI IF per PULSA 27/40 - Chiodi IF per Pulsa Insulfast,La soluzione più veloce per l'applicazione di isolamento multimateriale,/images/spit_prodotti_2/CHIODIIFperPULSA2740-ChiodiIFperPulsaInsulfast.webp
spit,CHIODI UP6 per PULSA 27/40/65 - Chiodi Ultra Performanti per il fissaggio su calcestruzzo molto duro. Confezionati con bomboletta di gas.,"Il chiodo UP6 è il chiodo Ultra Performante della gamma PULSA dal maggior tasso di successo per le applicazioni critiche
Caratteristiche e vantaggi:
Massima produttività:
Ridotta necessità di ripetere il fissaggio
Meno fermi cantiere
Meno sprechi: ridotto spreco di chiodi e di accessori
Non compatibile con Pulsa 800",/images/spit_prodotti_2/CHIODIUP6perPULSA274065-ChiodiUltraPerformantiperilfissaggiosucalcestruzzomoltoduroConfezionaticonbombolettadigas.webp
spit,CANNA MAGNETICA PORTA RONDELLE - Canna magnetica porta rondelle,,/images/spit_prodotti_2/CANNAMAGNETICAPORTARONDELLE-Cannamagneticaportarondelle.webp
spit,CANNA MAGNETICA PORTA RONDELLE D 25 - Canna magnetica porta rondelle D 25,,/images/spit_prodotti_2/CANNAMAGNETICAPORTARONDELLED25-CannamagneticaportarondelleD25.webp
spit,BOMBOLETTE GAS P800 - Bombolette di gas per chiodatrici PULSA 800,Elevate prestazioni di chiodatura ed affidabilità,/images/spit_prodotti_2/BOMBOLETTEGASP800-BombolettedigasperchiodatriciPULSA800.webp
spit,"P370 - Chiodatrice a carica propulsiva, robusta e versatile, adatta per chiodatura su calcestruzzo, acciaio e muratura piena","Caratteristiche e vantaggi:
Il ritorno automatico del pistone permette regimi di lavoro elevati
La facilità di pulizia e manutenzione in cantiere non richiede di ricorrere all'assistenza
Il sistema di cariche a disco permette di recuperare facilmente i colpi eventualmente non utilizzati
La regolazione fine della potenza assicura fissaggi accurati
Il sistema di ritorno del pistone che non sfrutta i gas combusti riduce sporcamento e necessità di manutenzione
Pistone universale per i differenti materiali di supporto",/images/spit_prodotti_2/P370-Chiodatriceacaricapropulsivarobustaeversatileadattaperchiodaturasucalcestruzzoacciaioemuraturapiena.webp
spit,"P370 C60 - Chiodatrice a carica propulsiva, robusta e versatile, adatta per chiodatura su calcestruzzo, acciaio e muratura piena","Chiodatrice a carica propulsiva, robusta e versatile, adatta per chiodatura su calcestruzzo, acciaio e muratura piena
Caratteristiche e vantaggi:
Il ritorno automatico del pistone permette regimi di lavoro elevati
La facilità di pulizia e manutenzione in cantiere non richiede di ricorrere all'assistenza
Il sistema di cariche a disco permette di recuperare facilmente i colpi eventualmente non utilizzati
La regolazione fine della potenza assicura fissaggi accurati
Il sistema di ritorno del pistone che non sfrutta i gas combusti riduce sporcamento e necessità di manutenzione
Pistone universale per i differenti materiali di supporto
Caricatore orientabile a 360° per evitarne l'ingombro",/images/spit_prodotti_2/P370C60-Chiodatriceacaricapropulsivarobustaeversatileadattaperchiodaturasucalcestruzzoacciaioemuraturapiena.webp
spit,P560 - Chiodatrice automatica a carica propulsiva per solai e coperture in acciaio,"Il sistema più rapido per installare lamiere metalliche sull'acciaio
Caratteristiche e vantaggi:
Sistema di fissaggio diretto qualificato con ETA
Il prodotto più compatto e leggero sul mercato
Estremamente affidabile, pistone di lunga durata, manutenzione minima
Sistema di sgancio rapido che consente la manutenzione in modo semplice e veloce, senza uso di chiavi
Il sistema di cariche a disco permette di recuperare facilmente i colpi eventualmente non utilizzati
Caricatore orientabile a 360° per evitarne l'ingombro
Può fissare connettori Tecnaria, per solai misti collaboranti",/images/spit_prodotti_2/P560-Chiodatriceautomaticaacaricapropulsivapersolaiecopertureinacciaio.webp
spit,"PROPULSORI 6,3/10 - Cariche propulsive 6,3/10",,/images/spit_prodotti_2/PROPULSORI6310-Carichepropulsive6310.webp
spit,C9 IN STRISCIA - Chiodi in striscia standard per calcestruzzo,Chiodi multiuso di qualità standard,/images/spit_prodotti_2/C9INSTRISCIA-Chiodiinstrisciastandardpercalcestruzzo.webp
spit,"C9 SFUSI - Chiodi testa piatta per calcestruzzo, a tiro singolo",Chiodi multiuso di qualità standard,/images/spit_prodotti_2/C9SFUSI-Chioditestapiattapercalcestruzzoatirosingolo.webp
spit,"CR9TP - Chiodo singolo con rondella in acciaio da 21,75 mm e guida-chiodo in plastica, per impermeabilizzazione NATM","Il miglior chiodo per P370, in combinazione con le rondelle in PVC, per applicazioni in galleria",/images/spit_prodotti_2/CR9TP-Chiodosingoloconrondellainacciaioda2175mmeguida-chiodoinplasticaperimpermeabilizzazioneNATM.webp
spit,"CR9P - Chiodo singolo con rondella in plastica da 34 mm, per calcestruzzo",Ottima aderenza di membrane sottili o flessibili,/images/spit_prodotti_2/CR9P-Chiodosingoloconrondellainplasticada34mmpercalcestruzzo.webp
spit,"SC9 IN STRISCIA - Chiodi in striscia ad alte prestazioni, per acciaio, calcestruzzo duro e precompresso","Chiodi di massima qualità, assicurano alta percentuale di successo",/images/spit_prodotti_2/SC9INSTRISCIA-Chiodiinstrisciaadalteprestazioniperacciaiocalcestruzzoduroeprecompresso.webp
spit,"SC9 SFUSI - Chiodi testa piatta per acciaio, a tiro singolo","Chiodi di massima qualità, assicurano alta percentuale di successo",/images/spit_prodotti_2/SC9SFUSI-Chioditestapiattaperacciaioatirosingolo.webp
spit,"SBR9 - Chiodo con rondella, per fissare lamiere su acciaio, per tiro singolo",Unioni di eccellenti prestazioni,/images/spit_prodotti_2/SBR9-Chiodoconrondellaperfissarelamieresuacciaiopertirosingolo.webp
spit,"CI6 - Fissaggio per isolanti rigidi, con chiodo premontato",Installazione facile e veloce,/images/spit_prodotti_2/CI6-Fissaggioperisolantirigidiconchiodopremontato.webp
spit,"PROPULSORI 6,3/16 - Cariche propulsive 6,3/16",Permette fissaggi efficaci nella maggior parte degli elementi profilati in acciaio,/images/spit_prodotti_2/PROPULSORI6316-Carichepropulsive6316.webp
spit,HSBR14 IN STRISCIA - Chiodi in striscia ad alte prestazioni per applicazioni su acciaio,"Adatto per acciaio duro, fino a E360",/images/spit_prodotti_2/HSBR14INSTRISCIA-Chiodiinstrisciaadalteprestazioniperapplicazionisuacciaio.webp
spit,HSBR14 SFUSI - Chiodi singoli ad alte prestazioni per applicazioni su acciaio,"Adatto per acciaio duro, fino a E360",/images/spit_prodotti_2/HSBR14SFUSI-Chiodisingoliadalteprestazioniperapplicazionisuacciaio.webp
spit,CARICATORE P370 - Caricatore per Spitfire P370,,/images/spit_prodotti_2/CARICATOREP370-CaricatoreperSpitfireP370.webp
spit,VAPORIZZATORE OLIO - Vaporizzatore olio,,/images/spit_prodotti_2/VAPORIZZATOREOLIO-Vaporizzatoreolio.webp
spit,undefined - Kit CPL CI 40-120 P370,,/images/spit_prodotti_2/undefined-KitCPLCI40-120P370.webp
spit,CARICATORE P560 - Caricatore Spitfire P560,,/images/spit_prodotti_2/CARICATOREP560-CaricatoreSpitfireP560.webp
spit,SPIT P560 A TIRO SINGOLO - Kit tiro singolo Spitfire P560,,https://www.itw-italy.com/imgs/L/fake-img.jpg
