name,brand,description,price,image_url
Weber ip610 extra kg.25 into premisc. bcl.64,Weber,Intonaco premiscelato di sottofondo a base di calce-cemento ad applicazione manuale o meccanizzata per superfici tradizionali in interno e esterno.,N/A,/images/weber_prodotti/Weberip610extrakg25intopremiscbcl64.webp
Webercote flexcover 14kg bianco rivestimento flessibile,Weber,"Rivestimento flessibile bianco per proteggere e decorare superfici esterne, resistente alle intemperie e alle muffe.",N/A,/images/weber_prodotti/Webercoteflexcover14kgbiancorivestimentoflessibile.webp
Schiuma poliuretanica manuale ml.750 universale monocomponente,Weber,"Pu foam universal è una schiuma riempitiva universale, poliuretanica monocomponente, autoespandente, da poter utilizzare sia manuale che con pistola erogatrice.",N/A,/images/weber_prodotti/Schiumapoliuretanicamanualeml750universalemonocomponente.webp
Pulitore per schiuma pu ml.500,Weber,Detergente spray per schiuma poliuretanica non indurita. ideale anche per la pulizia di pistole per schiuma o residui di schiuma non indurita.,N/A,/images/weber_prodotti/Pulitoreperschiumapuml500.webp
One bond adhesive gun 750ml schiuma adesiva pistola,Weber,"Adesivo poliuretanico in schiuma per incollaggio di pannelli isolanti, mattoni ed elementi decorativi, per pistola.",N/A,/images/weber_prodotti/Onebondadhesivegun750mlschiumaadesivapistola.webp
Weber ancorante ep c2 ml.470,Weber,"ancorante chimico epossidico bi-componente con prestazione sismica di classe c2. supporti : laterizio, mattoni, pietra mista, termolaterizio, tufo / arenaria",N/A,/images/weber_prodotti/Weberancoranteepc2ml470.webp
Webertec ep300 (a+b) kg. 5,Weber,"webertec ep300 è una resina epossidica bicomponente, tixotropica addensata da usare su superfici in cls come livellamento, recupero asperità superficiali, stuccatura.",N/A,/images/weber_prodotti/Webertecep300abkg5.webp
Lastra webertherm rp20/60 60x100 sp. 6 cm. pacco mq. 3,Weber,"isolante, fonoassorbente, per sistemi a capotto termico in lana di roccia, ad elevata traspirabilità, ignifugo resistente al fuoco, idonei ai criteri minimi ambientali ( decr. cam)",N/A,/images/weber_prodotti/Lastraweberthermrp206060x100sp6cmpaccomq3.webp
Weber color premium stucco col. cement 612 da kg.5,Weber,"Stucco decorativo cementizio colorato per fughe fino a 15 mm, ad alte prestazioni, idrorepellente, anti-macchia, resistente a batteri, muffe e funghi",N/A,/images/weber_prodotti/Webercolorpremiumstuccocolcement612dakg5.webp
Weber color premium stucco col. avorio 100 da kg.5,Weber,"Stucco decorativo cementizio colorato per fughe fino a 15 mm, ad alte prestazioni, idrorepellente, anti-macchia, resistente a batteri, muffe e funghi",N/A,/images/weber_prodotti/Webercolorpremiumstuccocolavorio100dakg5.webp
Weber color premium stucco col. ginger 101  kg.5,Weber,"Stucco decorativo cementizio colorato per fughe fino a 15 mm, ad alte prestazioni, idrorepellente, anti-macchia, resistente a batteri, muffe e funghi",N/A,/images/weber_prodotti/Webercolorpremiumstuccocolginger101kg5.webp
Weber color premium stucco col. sabbia lavica  208 kg.5,Weber,"Stucco decorativo cementizio colorato per fughe fino a 15 mm, ad alte prestazioni, idrorepellente, anti-macchia, resistente a batteri, muffe e funghi",N/A,/images/weber_prodotti/Webercolorpremiumstuccocolsabbialavica208kg5.webp
Weber color premium stucco col. tabacco 203  kg.5,Weber,"Stucco decorativo cementizio colorato per fughe fino a 15 mm, ad alte prestazioni, idrorepellente, anti-macchia, resistente a batteri, muffe e funghi",N/A,/images/weber_prodotti/Webercolorpremiumstuccocoltabacco203kg5.webp
Weber color premium stucco col. terracotta 301  kg.5,Weber,"Stucco decorativo cementizio colorato per fughe fino a 15 mm, ad alte prestazioni, idrorepellente, anti-macchia, resistente a batteri, muffe e funghi",N/A,/images/weber_prodotti/Webercolorpremiumstuccocolterracotta301kg5.webp
Weber color premium stucco col. perla 600 kg.5,Weber,"Stucco decorativo cementizio colorato per fughe fino a 15 mm, ad alte prestazioni, idrorepellente, anti-macchia, resistente a batteri, muffe e funghi",N/A,/images/weber_prodotti/Webercolorpremiumstuccocolperla600kg5.webp
Weber color premium stucco col. basalto 607 kg.5,Weber,"Stucco decorativo cementizio colorato per fughe fino a 15 mm, ad alte prestazioni, idrorepellente, anti-macchia, resistente a batteri, muffe e funghi",N/A,/images/weber_prodotti/Webercolorpremiumstuccocolbasalto607kg5.webp
Weber color premium stucco col. antracite 614 da kg.5,Weber,"Stucco decorativo cementizio colorato per fughe fino a 15 mm, ad alte prestazioni, idrorepellente, anti-macchia, resistente a batteri, muffe e funghi",N/A,/images/weber_prodotti/Webercolorpremiumstuccocolantracite614dakg5.webp
Weber color premium stucco col. ferro 601  kg.5,Weber,"Stucco decorativo cementizio colorato per fughe fino a 15 mm, ad alte prestazioni, idrorepellente, anti-macchia, resistente a batteri, muffe e funghi",N/A,/images/weber_prodotti/Webercolorpremiumstuccocolferro601kg5.webp
Weber color premium stucco col. fumo di londra 603  kg.5,Weber,"Stucco decorativo cementizio colorato per fughe fino a 15 mm, ad alte prestazioni, idrorepellente, anti-macchia, resistente a batteri, muffe e funghi",N/A,/images/weber_prodotti/Webercolorpremiumstuccocolfumodilondra603kg5.webp
Weber color premium stucco col. bianco 001  kg.5,Weber,"Stucco decorativo cementizio colorato per fughe fino a 15 mm, ad alte prestazioni, idrorepellente, anti-macchia, resistente a batteri, muffe e funghi",N/A,/images/weber_prodotti/Webercolorpremiumstuccocolbianco001kg5.webp
Weber color premium stucco col. antracite 614 da kg.5,Weber,"Stucco decorativo cementizio colorato per fughe fino a 15 mm, ad alte prestazioni, idrorepellente, anti-macchia, resistente a batteri, muffe e funghi",N/A,/images/weber_prodotti/Webercolorpremiumstuccocolantracite614dakg5.webp
Webertec flangia per il fissaggio di reti strutturali,Weber,Accessorio per il fissaggio della rete per il sistema di anti sfondellamento webertec,N/A,/images/weber_prodotti/Webertecflangiaperilfissaggiodiretistrutturali.webp
Webertec angolare in acciaio zincato per le reti nel sistema antisfondellamento,Weber,"Angolare in acciaio zincato per il raccordo della rete, applicata nel sistema antisfondellamento",N/A,/images/weber_prodotti/Webertecangolareinacciaiozincatoperleretinelsistemaantisfondellamento.webp
Webertec elicafix a10 barra a forma elicoidale in acciaio aisi 316 dm 10 mm,Weber,Barra a forma elicoidale in acciaio aisi 316 ad elevate prestazioni meccaniche per interventi anti sismico o per interventi localizzati di rinforzo e consolidamento. dm 10 mm,N/A,/images/weber_prodotti/Webertecelicafixa10barraaformaelicoidaleinacciaioaisi316dm10mm.webp
Silicone  adesivo  sigillante webercolor hs 290 ml grigio,Weber,"adesivo sigillante flessibile universale a base di polimeri silano modificati, esente da solventi e isocianati, antimuffa, verniciabile.",N/A,/images/weber_prodotti/Siliconeadesivosigillantewebercolorhs290mlgrigio.webp
Weberdry pronto 24 top kg.5 grigio,Weber,"guaina liquida impermeabilizzante elastomerico e idonea all'incapsulamento del cemento-amianto. monocomponente, resiste ai raggi uv, adatta a cls, vecchie guaine, legno, massetto",N/A,/images/weber_prodotti/Weberdrypronto24topkg5grigio.webp
Weberprim grip kg.5,Weber,"primer universale a base di resine sintetiche e sabbia di quarzo, pronto all'uso, per migliorare l'adesione di collanti cementizi e malte livellanti su superfici non assorbenti",N/A,/images/weber_prodotti/Weberprimgripkg5.webp
Weberprim ep 2k (kg.3 a+b kg.1),Weber,"primer epossidico bicomponente trasparente a base acqua per membrane impermeabilizzanti della linea weberdry pur, per superfici assorbenti e inassorbenti.",N/A,/images/weber_prodotti/Weberprimep2kkg3abkg1.webp
Weberdry pronto24 top kg5 rosso mattone impermeabilizzante,Weber,"Impermeabilizzante a base elastomerica, colorato pronto all uso.",N/A,/images/weber_prodotti/Weberdrypronto24topkg5rossomattoneimpermeabilizzante.webp
Webercol progres evo adesivo cementizio bianco sacco kg 25 C2TE,Weber,Adesivo cementizio ad alte prestazioni a scivolamento verticale nullo. posa di materiale inassorbente anche in sovrapposizione scivolamento verticale nullo.,N/A,/images/weber_prodotti/Webercolprogresevoadesivocementiziobiancosaccokg25C2TE.webp
Webercol progres evo adesivo cementizio grigio sacco kg 25 C2TE,Weber,Adesivo cementizio ad alte prestazioni a scivolamento verticale nullo. posa di materiale inassorbente anche in sovrapposizione scivolamento verticale nullo.,N/A,/images/weber_prodotti/Webercolprogresevoadesivocementiziogrigiosaccokg25C2TE.webp
Webertherm x-light 042 intonaco isolante  sacco lt 30,Weber,"Intonaco isolante termoacustico ad applicazione meccanizzata. isolante termico e fonoassorbente, per esterni e per interni, alleggerito con microsfere di eps.",N/A,/images/weber_prodotti/Weberthermx-light042intonacoisolantesaccolt30.webp
Webertherm ta8 tassello  100 pezzi,Weber,"Tassello universale in polietilene con vite in acciaio galvanizzato, cert. eta ad avvitamento per sottofondi in muratura per pannelli isolanti di sistemi a cappotto termico",N/A,/images/weber_prodotti/Weberthermta8tassello100pezzi.webp
Webertherm ta8 tassello  100 pezzi,Weber,"Tassello universale in polietilene con vite in acciaio galvanizzato, cert. eta ad avvitamento per sottofondi in muratura per pannelli isolanti di sistemi a cappotto termico",N/A,/images/weber_prodotti/Weberthermta8tassello100pezzi.webp
Webertherm ta8 tassello  100 pezzi,Weber,"Tassello universale in polietilene con vite in acciaio galvanizzato, cert. eta ad avvitamento per sottofondi in muratura per pannelli isolanti di sistemi a cappotto termico",N/A,/images/weber_prodotti/Weberthermta8tassello100pezzi.webp
Webertherm ta8 tassello  100 pezzi,Weber,"Tassello universale in polietilene con vite in acciaio galvanizzato, cert. eta ad avvitamento per sottofondi in muratura per pannelli isolanti di sistemi a cappotto termico",N/A,/images/weber_prodotti/Weberthermta8tassello100pezzi.webp
Webertherm re160 rete in fibra di vetro bianco rotolo 50x1  mt,Weber,Rete in fibra di vetro alcali-resistente per sistemi certificati eta per armatura e rinforzo del rasante e usata per pannelli isolanti nel sistema cappotto termico massa 160 g/mq,N/A,/images/weber_prodotti/Weberthermre160reteinfibradivetrobiancorotolo50x1mt.webp
Webertherm re145 rete in fibra di vetro giallo rotolo 50x1  mt,Weber,Rete in fibra di vetro alcali-resistente a maglia larga per armatura e rinforzo del rasante e usata per pannelli isolanti nel sistema cappotto termico massa 145 g/mq,N/A,/images/weber_prodotti/Weberthermre145reteinfibradivetrogiallorotolo50x1mt.webp
Webertherm pr7 gocciolatoio  scatola da 10 pz,Weber,"Gocciolatoio in pvc flessibile  con rete in fibra di vetro. favorisce il drenaggio dell’acqua piovana, ottima adesione, finitura precisa ed omogenea",N/A,/images/weber_prodotti/Weberthermpr7gocciolatoioscatolada10pz.webp
Webertherm pr3/120 profilo di partenza per cappotto  fascio da 10 pz,Weber,Profilo di partenza in alluminio con gocciolatoio per pannellimisolanti del sistema cappotto,N/A,/images/weber_prodotti/Weberthermpr3120profilodipartenzapercappottofascioda10pz.webp
Webertherm pr3/100 profilo di partenza per cappotto  fascio da 10 pz,Weber,Profilo di partenza in alluminio con gocciolatoio per pannellimisolanti del sistema cappotto,N/A,/images/weber_prodotti/Weberthermpr3100profilodipartenzapercappottofascioda10pz.webp
Webertherm pr1 paraspigolo  scatola da 100 pz,Weber,"Paraspigolo in pvc con rete in fibra di vetro, ottimale con la rete di armatura per sovrapposizione , ottima impregnazione grazie alla perforatura, nessuna formazione di crepe",N/A,/images/weber_prodotti/Weberthermpr1paraspigoloscatolada100pz.webp
Webertherm lv034 pannello isolante  5 lastre,Weber,"Pannello isolante in lana di vetro, fonoassorbenti, per sistemi a capotto termico, elevata traspirabilità, ignifugo resistente al fuoco, idonei ai criteri minimi ambientali cam",N/A,/images/weber_prodotti/Weberthermlv034pannelloisolante5lastre.webp
Webertherm lv034 pannello isolante  10 lastre,Weber,"Pannello isolante in lana di vetro, fonoassorbenti, per sistemi a capotto termico, elevata traspirabilità, ignifugo resistente al fuoco, idonei ai criteri minimi ambientali cam",N/A,/images/weber_prodotti/Weberthermlv034pannelloisolante10lastre.webp
Webertherm ap60 top f collante-rasante grigio sacco kg 25,Weber,"Collante-rasante ad elevate prestazioni, granulometria fine, per pannelli isolanti in polistirolo,lana di roccia,lana di vetro,poliuretano,resina fenolica, conforme a etag 004. fibrato",N/A,/images/weber_prodotti/Weberthermap60topfcollante-rasantegrigiosaccokg25.webp
Webertherm ap60 start f collante-rasante bianco sacco kg 25,Weber,"Collante-rasante in polvere, granulometria fine, per l'incollaggio e la rasatura dei pannelli isolanti in polistirolo, lana di roccia, lana di vetro , conforme a etag 004, fibrato",N/A,/images/weber_prodotti/Weberthermap60startfcollante-rasantebiancosaccokg25.webp
Webertec ripararapido20 malta tixotropica grigio sacco kg 5,Weber,"Malta tixotropica a presa rapida per ripristinare, riparare e proteggere elementi non strutturali in calcestruzzo armato e per rasare la superficie in calcestruzzo ripristinata",N/A,/images/weber_prodotti/Webertecripararapido20maltatixotropicagrigiosaccokg5.webp
Webertec riparapav malta fibrata grigio sacco kg 25,Weber,Malta fibrata a presa rapida per il fissaggio di chiusini stradali e ripristino localizzato pavimentazioni industriali,N/A,/images/weber_prodotti/Webertecriparapavmaltafibratagrigiosaccokg25.webp
Webertec riparapav malta fibrata nero sacco kg 25,Weber,Malta fibrata a presa rapida per il fissaggio di chiusini stradali e ripristino localizzato pavimentazioni industriali. rinforzato con fibre d’acciaio. rapida riapertura al traffico,N/A,/images/weber_prodotti/Webertecriparapavmaltafibratanerosaccokg25.webp
Webertec ripara60+ malta tixotropica grigio sacco kg 25,Weber,"Malta tixotropica r4 a presa normale, ripristina, ripara protegge elementi strutturali in calcestruzzo armato (senza trattamento del ferro) fibrato,alti spessori, antifessurazione",N/A,/images/weber_prodotti/Webertecripara60maltatixotropicagrigiosaccokg25.webp
Webertec ripara60 kg 25 malta tixotropica r4 ripara cls,Weber,"A presa normale per ripristinare, riparare e proteggere elementi in cls armato, ottima lavorabilità anche per applicazioni sopra testa",N/A,/images/weber_prodotti/Webertecripara60kg25maltatixotropicar4riparacls.webp
Webertec rete250/a rete fibra di vetro gialla venduta a mq,Weber,"Reti in fibra di vetro a.r.(contenuto di zirconio > 16%)e apprettate con pva, per consolidamento, antribaltamento, antisfondellamento di solai, abbianata ad un intonaco strutturale",N/A,/images/weber_prodotti/Webertecrete250aretefibradivetrogiallavendutaamq.webp
Webertec rete250 rete fibra di vetro bianco venduta a metro quadro,Weber,"Reti in fibra di vetro a.r. (contenuto di zirconio > 16%) e apprettate con pva,per consolidamento, antribaltamento, antisfondellamento di solai, abbianata ad un intonaco strutturale venduta a mq",N/A,/images/weber_prodotti/Webertecrete250retefibradivetrobiancovendutaametroquadro.webp
Webertec rete ar50 rete fibra di vetro bianco rotolo h. 100 cm venduto a mq,Weber,"Reti in fibra di vetro a.r. e apprettate, idonee per interventi di consolidamento, antribaltamento, antisfondellamento di solai. elemento del sistema webertec frcm, marcato eta",N/A,/images/weber_prodotti/Webertecretear50retefibradivetrobiancorotoloh100cmvendutoamq.webp
Webertec presarapida legante rapido grigio sacco kg 5,Weber,Legante rapido pronto all'uso. antifessurazione presa rapida rapida messa in esercizio resistente all’esterno antiritiro adatto ai fissaggi difficili  non cola ottima lavorabilità,N/A,/images/weber_prodotti/Webertecpresarapidaleganterapidogrigiosaccokg5.webp
Webertec mandrino  dm 10 mm per elicafix,Weber,"Mandrino con attacco sds per trapano, necessario all’installazione a secco delle barre elicoidali webertec elicafix A dm 10 mm.",N/A,/images/weber_prodotti/Webertecmandrinodm10mmperelicafix.webp
Webertec fer boiacca protettiva rosso sacco kg 2,Weber,Boiacca protettiva per cls e ferri d'armatura,N/A,/images/weber_prodotti/Webertecferboiaccaprotettivarossosaccokg2.webp
Webertec fer boiacca protettiva rosso sacco kg 5,Weber,Boiacca protettiva per cls e ferri d'armatura,N/A,/images/weber_prodotti/Webertecferboiaccaprotettivarossosaccokg5.webp
Webertec consolida35 betoncino grigio sacco kg 25,Weber,"Betoncino fibrato per applicazione meccanizzata, per interventi di consolidamento strutturale con la tecnica del placcaggio armato.antifessurazione pronto all'uso alta adesione",N/A,/images/weber_prodotti/Webertecconsolida35betoncinogrigiosaccokg25.webp
Webertec connettore vr20 in vetro-resina bianco,Weber,"Connettore in vetro-resina (gfrp) ad aderenza migliorata tramite lo spolvero di sabbia di quarzo. forma ad ""l"" di dimensione 10x20cm da inghisare con webertec ancorantev in vinilestere.",N/A,/images/weber_prodotti/Webertecconnettorevr20invetro-resinabianco.webp
Webertec clsfluido malta superfluida grigio sacco kg 25,Weber,Malta superfluida colabile antiritiro per il ripristino strutturale del calcestruzzo ed inghisaggio. alti spessori alta resistenza meccanica rapida messa in esercizio,N/A,/images/weber_prodotti/Webertecclsfluidomaltasuperfluidagrigiosaccokg25.webp
Webertec ancorante v  cartuccia 400 ml,Weber,"Ancorant in vinilestere senza stirene, prestazione sismica c1-c2, per l'ancoraggio di connettori nei sistemi di consolidamento webertec crm certificati cvt.",N/A,/images/weber_prodotti/Webertecancorantevcartuccia400ml.webp
Webersan thermo evoluzione intonaco macroporoso bianco sacco kg 15,Weber,"Intonaco macroporoso alleggerito e fibrato, monoprodotto calce-cemento per il risanamento e l'isolamento termico di murature saline soggette ad umidità di risalita",N/A,/images/weber_prodotti/Webersanthermoevoluzioneintonacomacroporosobiancosaccokg15.webp
Webersan evofinitura minerale per intonaci deumidificanti bianco sacco kg 25,Weber,"Finitura minerale per intonaci deumidifcanti ad elevata traspirabilità, da utilizzare come rasante per intonaci deumidificazione per muratura affetta da umidità di risalita",N/A,/images/weber_prodotti/Webersanevofinituramineraleperintonacideumidificantibiancosaccokg25.webp
Weberprim rc14 aggrappante incolore tanica lt 5,Weber,Fondo di preparazione per per pitture e rivestimenti colorati in pasta delle gamme webercote siloxcover/webercote acsilcover a base acqua,N/A,/images/weber_prodotti/Weberprimrc14aggrappanteincoloretanicalt5.webp
Weberprim ra13 aggrappante incolore secchio lt 5,Weber,"Preparatore di sottofondo a base acqua per pitture e rivestimenti colorati al quarzo ed elastomerici da esterno delle gamma acrylcover e flexcover, per idropitture da interno",N/A,/images/weber_prodotti/Weberprimra13aggrappanteincoloresecchiolt5.webp
Weberprim ra13 aggrappante incolore secchio lt 15,Weber,"Preparatore di sottofondo a base acqua per pitture e rivestimenti colorati al quarzo ed elastomerici da esterno delle gamma acrylcover e flexcover, per idropitture da interno",N/A,/images/weber_prodotti/Weberprimra13aggrappanteincoloresecchiolt15.webp
Weberprim pf15 amianto  tanica kg 20,Weber,"Incapsulante di tipo d per rimozione del cemento-amianto, ausiliario nelle opere di rimozione.",N/A,/images/weber_prodotti/Weberprimpf15amiantotanicakg20.webp
Weberprim pf15  tanica lt 5,Weber,Primer isolante e consolidante in dispersione acquosa a forte penetrazione per l'isolamento di superfici in gesso e anidrite prima della posa di prodotti a base cementizia,N/A,/images/weber_prodotti/Weberprimpf15tanicalt5.webp
Weberprim pf15  tanica lt 20,Weber,Primer isolante e consolidante in dispersione acquosa a forte penetrazione per l'isolamento di superfici in gesso e anidrite prima della posa di prodotti a base cementizia,N/A,/images/weber_prodotti/Weberprimpf15tanicalt20.webp
"Weberprim fondo granello 0,5 bianco secchio lt 14",Weber,Fondo uniformante riempitivo per interni ed esterni ad effetto civile. a base acqua pitturabile.,N/A,/images/weber_prodotti/Weberprimfondogranello05biancosecchiolt14.webp
"Weberprim fondo granello 0,3 bianco secchio lt 5",Weber,Fondo uniformante riempitivo per interni ed esterni ad effetto civile. a base acqua pitturabile.,N/A,/images/weber_prodotti/Weberprimfondogranello03biancosecchiolt5.webp
Weberprim cl10 aggrappante giallo secchio kg 5,Weber,Promotore di adesione a base di resine in dispersione acquosa,N/A,/images/weber_prodotti/Weberprimcl10aggrappantegiallosecchiokg5.webp
Weberplan mr81 massetto pronto  sacco kg 25,Weber,"Massetto pronto ad essiccazione medio-rapida idoneo per ricevere qualsiasi tipologia di ceramica, marmo e legno. monocomponente, pedonabile, resistente agli urti",N/A,/images/weber_prodotti/Weberplanmr81massettoprontosaccokg25.webp
Weberfloor planitec livellante cementizio  sacco 25 kg a presa rapida,Weber,"Livellante cementizio a presa rapida per la rasatura ad altissima resistenza di pavimentazioni e pareti in interno ed esterno. carrabile, adesione anche a basso spessore",N/A,/images/weber_prodotti/Weberfloorplaniteclivellantecementiziosacco25kgapresarapida.webp
Weberfloor level 250 massetto fluido  sacco kg 25,Weber,"Massetto fluido autolivellante a base anidrite, per interni, da 5 a 50 mm ritiro quasi nullo, per applicazioni in interno in ambito residenziale e commerciale leggero",N/A,/images/weber_prodotti/Weberfloorlevel250massettofluidosaccokg25.webp
Weberfloor al autolivellante  sacco kg 25,Weber,Autolivellante per pavimenti interni ed esterni a finitura liscia per il livellamento di spessori da 1-10 mm.  ritiro compensato monocomponente rapida messa in esercizio,N/A,/images/weber_prodotti/Weberflooralautolivellantesaccokg25.webp
Weberfloor 4716 primer acrilico  tanica lt 5,Weber,Primer acrilico in dispersione acquosa per uniformare l'assorbimento di sottofondi porosi prima di applicare l’ autolivellante.non contiene ammoniaca.primer polivalente,N/A,/images/weber_prodotti/Weberfloor4716primeracrilicotanicalt5.webp
Weberfloor 4150 autolivellante  sacco kg 25,Weber,Autolivellante rapido per interni da 1 a 30 mm ad elevata fluidità adesione al supporto. può essere applicato anche su sistemi radianti a basso spessore a pavimento,N/A,/images/weber_prodotti/Weberfloor4150autolivellantesaccokg25.webp
Weberdry pur seal membrana liquida grigio secchio kg 6,Weber,"Membrana liquida poliuretanica mperemabilizzante monocomponente ad applicazione a freddo, elevate prestazioni, resistente ai raggi uv, super elastica, autolivellante, pedonabile",N/A,/images/weber_prodotti/Weberdrypursealmembranaliquidagrigiosecchiokg6.webp
Weberdry pur finish  secchio kg 1,Weber,"Finitura opacizzante poliuretanico opacizzante per la membrana impermeabilizzante trasparente weberdry pur trans.alifatico, monocomponente,applicazione liquida, elastico e resistente",N/A,/images/weber_prodotti/Weberdrypurfinishsecchiokg1.webp
Weberdry pronto24 guaina impermeabilizzante grigio secchio kg 5,Weber,"Guaina impermeabilizzante colorata pronta all'uso. idoneo all'incapsulamento del cemento-amianto di tipo a . resistente ai raggi uv, monocomponente, resiste alla pressione in spinta",N/A,/images/weber_prodotti/Weberdrypronto24guainaimpermeabilizzantegrigiosecchiokg5.webp
Weberdry osmo clsg malta impermeabilizzante grigio sacco kg 25,Weber,"Malta impermeabilizzante osmotica a basso spessore. resistente alle acque aggressive, idoneo al contatto con acqua potabile. resiste alla spinta e controspinta",N/A,/images/weber_prodotti/Weberdryosmoclsgmaltaimpermeabilizzantegrigiosaccokg25.webp
Weberdry osmo clsb malta impermeabilizzante bianco sacco kg 25,Weber,Malta impermeabilizzante osmotica a basso spessore. impermeabilizzante idoneo al contatto con acqua potabile. resiste alla spinta e controspinta e acque aggressive.,N/A,/images/weber_prodotti/Weberdryosmoclsbmaltaimpermeabilizzantebiancosaccokg25.webp
Weberdry osmo malta impermeabilizzante grigio sacco kg 25,Weber,"Malta per impermeabilizzazione e regolarizzazione osmotica a spessore, antiaggressiva. imperemabilizzante idoneo al contatto con acqua potabile. resiste alla spinta e controspinta",N/A,/images/weber_prodotti/Weberdryosmomaltaimpermeabilizzantegrigiosaccokg25.webp
Weberdry fabric 65 tessuto di rinforzo bandella larg. cm. 20 - lunghezza a taglio,Weber,Bandella tessuto non tessuto in poliestere di rinforzo membrane impermeabilizzanti poliuretaniche della linea weberdry pur. Larghezza cm. 20 - lunghezza a taglio,N/A,/images/weber_prodotti/Weberdryfabric65tessutodirinforzobandellalargcm20-lunghezzaataglio.webp
Weberdry elasto1 top guaina impermeabilizzante beige sacco kg 5,Weber,"Guaina impermeabilizzante elasto-cementizia monocomponente versatile, fibrata, di facile applicazione",N/A,/images/weber_prodotti/Weberdryelasto1topguainaimpermeabilizzantebeigesaccokg5.webp
Weberdry elasto1 top guaina impermeabilizzante beige sacco kg 20,Weber,"Guaina impermeabilizzante elasto-cementizia monocomponente versatile, fibrata, di facile applicazione. resistente ai raggi uv,resistente alla pressione in controspinta e spinta",N/A,/images/weber_prodotti/Weberdryelasto1topguainaimpermeabilizzantebeigesaccokg20.webp
"Weberdry elasto-band  rotolo 50mt (h=0,12m)",Weber,Banda in tessuto tnt e gomma di polipropilene compatibile con guiane impermeabilizzanti elasto-cementizie della linea weberdry e impermeabilizzanti liquidi della linea weberdry pronto,N/A,/images/weber_prodotti/Weberdryelasto-bandrotolo50mth012m.webp
Weberdry drain hole scarico verticale tondo venduto cadauno,Weber,Scarico verticale con tessuto impermeabile in tnt pressofuso con flangia per prodotti impermeabilizzanti elasto-cementizie della linea weberdry e liquidi della linea weberdry pronto,N/A,/images/weber_prodotti/Weberdrydrainholescaricoverticaletondovendutocadauno.webp
Weberdry drain corner scarico orizzontale quadro cm. 5x5 - venduto cadauno,Weber,Scarico verticale con tessuto impermeabile in tnt pressofuso con flangia per prodotti impermeabilizzanti elasto-cementizie della linea weberdry e liquidi della linea weberdry pronto,N/A,/images/weber_prodotti/Weberdrydraincornerscaricoorizzontalequadrocm5x5-vendutocadauno.webp
Weberdry bloc cemento impermeabilizzante  sacco kg 5,Weber,"Cemento impermeabilizzante istantaneo per l'impermeabilizzazione immediata di infiltrazioni a pavimento, parete, soffitto all'intenro e all'esterno",N/A,/images/weber_prodotti/Weberdrybloccementoimpermeabilizzantesaccokg5.webp
Webercol ultragres flex adesivo cementizio bianco sacco kg 20 C2TES2,Weber,"Adesivo cementizio a flessibilità superiore, resistenza all'immersione, meccanica grandi formati, in sovrapposizione su vecchi pavimenti in ceramica e incollare anche sui sistemi a cappotto. C2TES2",N/A,/images/weber_prodotti/Webercolultragresflexadesivocementiziobiancosaccokg20C2TES2.webp
Webercol ultragres 400 adesivo cementizio bianco sacco kg 25 C2TES1,Weber,"Adesivo cementizio ad alta deformabilità ed elevata capacità bagnante, per grandi formati, in sovrapposizione, radianti, in facciata, in piscina, e mosaico vetroso. C2TES1",N/A,/images/weber_prodotti/Webercolultragres400adesivocementiziobiancosaccokg25C2TES1.webp
Webercol ultragres 400 adesivo cementizio grigio sacco kg 25 C2TES1,Weber,"Adesivo cementizio ad alta deformabilità ed elevata capacità bagnante, per grandi formati, in sovrapposizione, radianti, in facciata, in piscina, e mosaico vetroso. C2TES1",N/A,/images/weber_prodotti/Webercolultragres400adesivocementiziogrigiosaccokg25C2TES1.webp
Webercol smart adesivo cementizio bianco sacco kg 5 C1TE,Weber,"Adesivo cementizio a scivolamento verticale nullo ed elevata scorrevolezza per la posa in interno ed esterno tipo c1te, en 12004:2007+a1:2012",N/A,/images/weber_prodotti/Webercolsmartadesivocementiziobiancosaccokg5C1TE.webp
Webercol smart adesivo cementizio grigio sacco kg 5 C1TE,Weber,"Adesivo cementizio a scivolamento verticale nullo ed elevata scorrevolezza per la posa in interno ed esterno tipo c1te, en 12004:2007+a1:2012",N/A,/images/weber_prodotti/Webercolsmartadesivocementiziogrigiosaccokg5C1TE.webp
Webercol progres top s1 adesivo cementizio bianco sacco kg 5 C2TES1,Weber,"Adesivo cementizio deformabile con adesione e resistenza elevate, per qualsiasi tipologia di ceramica, in sovrapposizione, gres ceramico in piscina, in facciata. C2TES1",N/A,/images/weber_prodotti/Webercolprogrestops1adesivocementiziobiancosaccokg5C2TES1.webp
Webercol progres top s1 adesivo cementizio bianco sacco kg 25 C2TES1,Weber,"Adesivo cementizio deformabile con adesione e resistenza elevate, per qualsiasi tipologia di ceramica, in sovrapposizione, gres ceramico in piscina, in facciata. C2TES1",N/A,/images/weber_prodotti/Webercolprogrestops1adesivocementiziobiancosaccokg25C2TES1.webp
Webercol progres top s1 adesivo cementizio grigio sacco kg 5 C2TES1,Weber,"Adesivo cementizio deformabile con adesione e resistenza elevate, per qualsiasi tipologia di ceramica, in sovrapposizione, gres ceramico in piscina, in facciata. C2TES1",N/A,/images/weber_prodotti/Webercolprogrestops1adesivocementiziogrigiosaccokg5C2TES1.webp
Webercol progres top s1 adesivo cementizio grigio sacco kg 25 C2TES1,Weber,"Adesivo cementizio deformabile con adesione e resistenza elevate, per qualsiasi tipologia di ceramica, in sovrapposizione, gres ceramico in piscina, in facciata. C2TES1",N/A,/images/weber_prodotti/Webercolprogrestops1adesivocementiziogrigiosaccokg25C2TES1.webp
Webercol fix cr collante  secchio kg 10,Weber,"Collante reattivo bicomponente epossi-poliuretanico flessibile bi-componente per qualsiasi tipologia di ceramica, marmo, pietre su supporti altamente deformabili",N/A,/images/weber_prodotti/Webercolfixcrcollantesecchiokg10.webp
Webercem rs350 rasante cementizio bianco sacco kg 5,Weber,"Rasante cementizio per intonaci, a finitura civile, traspirante,  per interni ed esterni. ottima lavorabilità e facilità di ripresa. antifessurazione. a norma en 998-1",N/A,/images/weber_prodotti/Webercemrs350rasantecementiziobiancosaccokg5.webp
Webercem rs350 rasante cementizio bianco sacco kg 25,Weber,"Rasante cementizio per intonaci, a finitura civile, traspirante,  per interni ed esterni. ottima lavorabilità e facilità di ripresa. antifessurazione. a norma en 998-1",N/A,/images/weber_prodotti/Webercemrs350rasantecementiziobiancosaccokg25.webp
Webercem rp370 rasante cementizio bianco sacco kg 25,Weber,"Rasante idrofugato traspirante per intonaci o calcestruzzo, a finitura civile media, esterno ed interno. ottima adesione anche su supporti critici come cls o solai predalles.",N/A,/images/weber_prodotti/Webercemrp370rasantecementiziobiancosaccokg25.webp
Webercem rn360 rasante cementizio bianco sacco kg 25,Weber,"Rasante idrofugato traspirante per intonaci o calcestruzzo, a finitura liscia, di colore bianco per esterni ed interni. ottima lavorabilità e facilità di ripresa.",N/A,/images/weber_prodotti/Webercemrn360rasantecementiziobiancosaccokg25.webp
Webercem rasazero rasante traspirante bianco sacco kg 5,Weber,"Rasante traspirante liscio di colore bianco. per pareti a effetto liscio o speculare a platrio. ottimo fondo per pitture e carte da parati, riempitivo sulle irregolarità.",N/A,/images/weber_prodotti/Webercemrasazerorasantetraspirantebiancosaccokg5.webp
Webercem rasazero rasante traspirante bianco sacco kg 25,Weber,"Rasante traspirante liscio di colore bianco. per pareti a effetto liscio o speculare a platrio. ottimo fondo per pitture e carte da parati, riempitivo sulle irregolarità.",N/A,/images/weber_prodotti/Webercemrasazerorasantetraspirantebiancosaccokg25.webp
Webercem ra30 start rasante cementizio bianco sacco kg 25,Weber,"Rasante cementizio ad elevata adesione,interno o esterno su cls e predalles, ottima adesione su rivestimenti plastici, mosaici o ceramici. resistente alla carbonatazione.",N/A,/images/weber_prodotti/Webercemra30startrasantecementiziobiancosaccokg25.webp
Webercem ra30 start rasante cementizio grigio sacco kg 25,Weber,"Rasante cementizio ad elevata adesione,interno o esterno su cls e predalles, ottima adesione su rivestimenti plastici, mosaici o ceramici. resistente alla carbonatazione.",N/A,/images/weber_prodotti/Webercemra30startrasantecementiziogrigiosaccokg25.webp
Webercem ra30 maxi rasante cementizio bianco sacco kg 25,Weber,"Rasante cementizio fibrato ad elevata adesione, applicabile in alti spessori anche a macchina per regolarizzare la facciata. elevata resistenza alla carbonatazione",N/A,/images/weber_prodotti/Webercemra30maxirasantecementiziobiancosaccokg25.webp
Webercem ra30 rasante cementizio bianco sacco kg 25,Weber,"Rasante cementizio universale ad elevata adesione. interno e esterno per cls predalles. aderisce su rivestimenti plastici, mosaici, ceramiche. resiste alla carbonatazione.",N/A,/images/weber_prodotti/Webercemra30rasantecementiziobiancosaccokg25.webp
Webercem ra30 rasante cementizio grigio sacco kg 25,Weber,"Rasante cementizio universale ad elevata adesione. interno e esterno per cls predalles. aderisce su rivestimenti plastici, mosaici, ceramiche. resiste alla carbonatazione.",N/A,/images/weber_prodotti/Webercemra30rasantecementiziogrigiosaccokg25.webp
Webercalce rasatura l bianco sacco kg 20,Weber,"Finitura bianca liscia alla calce idraulica naturale nhl3,5. prodotto minerale naturale ad elevata traspirabilità per migliorare il comfort abitativo, esente da cemento.",N/A,/images/weber_prodotti/Webercalcerasaturalbiancosaccokg20.webp
Webercalce rasatura beige sacco kg 25,Weber,"Finitura civile alla calce idraulica naturale nhl5 per una finitura civile. prodotto minerale ad elevata traspirabilità per migliorare il comfort abitativo, senza cemento.",N/A,/images/weber_prodotti/Webercalcerasaturabeigesaccokg25.webp
Webercalce into g intonaco beige sacco kg 25,Weber,"Intonaco tradizionale a grana media di calce idraulica naturale nhl5 ad applicazione manuale manuale o a macchina in interno o esterno, senza cemento, traspirabile",N/A,/images/weber_prodotti/Webercalceintogintonacobeigesaccokg25.webp
Weber rz rasante bianco sacco kg 4,Weber,Finitura liscia a base di calce e gesso per intonaci interni. per la rasatura di pareti a effetto liscio o speculare a platrio. ottimo fondo per pitture e carte da parati.,N/A,/images/weber_prodotti/Weberrzrasantebiancosaccokg4.webp
Weber rz rasante bianco sacco kg 25,Weber,Finitura liscia a base di calce e gesso per intonaci interni. per la rasatura di pareti a effetto liscio o speculare a platrio. ottimo fondo per pitture e carte da parati.,N/A,/images/weber_prodotti/Weberrzrasantebiancosaccokg25.webp
Weber quarzo sabbia di quarzo  sacco kg 25,Weber,"Sabbia di quarzo per lo spolvero su resine epossidiche. lavata ed essiccata costituita da quarzi calibrati, di elevata purezza.",N/A,/images/weber_prodotti/Weberquarzosabbiadiquarzosaccokg25.webp
Weber mp910 malta premiscelata grigio sacco kg 25,Weber,"Malta premiscelata da muratura di classe m5 inerte massimo 3 mm granulometria grossa.  supporto blocchi in cemento, laterizio, mattoni, pietra mista, termolaterizio",N/A,/images/weber_prodotti/Webermp910maltapremiscelatagrigiosaccokg25.webp
Weber facciavista malta idrofugata grigio cemento sacco kg 25,Weber,Malta idrofugata da muratura faccia a vista di classe m5  per elevazione e stilatura esterne ed interne in mattoni o pietre per una facciata o una parete faccia a vista.,N/A,/images/weber_prodotti/Weberfacciavistamaltaidrofugatagrigiocementosaccokg25.webp
Weber fa98 feltro fonoassorbente rotolo 20mq. larghezza mt. 1 lunghezza mt 20,Weber,"Feltro fonoassorbente per isolamento sotto massetto, antifessurazione e pronto all'uso. miglioramento dell’isolamento acustico al rumore di calpestìo, venduto a rotolo intero 20 mq",N/A,/images/weber_prodotti/Weberfa98feltrofonoassorbenterotolo20mqlarghezzamt1lunghezzamt20.webp
Weber dl60 disarmante liquido  tanica lt 5,Weber,Disarmante liquido a base di olii minerali emulsionabili in acqua. per il trattamento antiadesivo di casseforme in legno e qualsiasi tipo destinate a contenere calcestruzzo,N/A,/images/weber_prodotti/Weberdl60disarmanteliquidotanicalt5.webp
Weber dl60 disarmante liquido  tanica lt 20,Weber,Disarmante liquido a base di olii minerali emulsionabili in acqua. per il trattamento antiadesivo di casseforme in legno e qualsiasi tipo destinate a contenere calcestruzzo,N/A,/images/weber_prodotti/Weberdl60disarmanteliquidotanicalt20.webp
